comment_id,date,civic_content,department,type,website
UgwtoT3ehD5lS5mF3aJ4AaABAg,2024-06-07T05:02:41Z,Happy with the recent work on road. Keep going.,Roads & Infrastructure,Feedback,https://www.youtube.com/shorts/nUusxC9fj2g
Ugyl0QR6LV4SZrslOYB4AaABAg,2024-02-06T17:18:29Z,Happy with the recent work on street. Keep going.,Roads & Infrastructure,Feedback,https://www.youtube.com/shorts/nUusxC9fj2g
Ugx2tgH-_YMdyVRPYZh4AaABAg,2025-02-23T04:21:46Z,ಕಸ service handled very well. Appreciated.,Sanitation,Feedback,https://www.youtube.com/watch?v=GVh0thaa2BI
UgyELskQkwaeK5kMMXN4AaABAg,2024-11-06T04:16:33Z,ತ್ಯಾಜ್ಯ has not been working properly. Kindly repair it.,Sanitation,Complaint,https://www.youtube.com/watch?v=GVh0thaa2BI
UgxrOYn8_J74WlOKadh4AaABAg,2024-09-13T05:59:20Z,Great response regarding water.,Water Supply,Feedback,https://www.youtube.com/watch?v=GVh0thaa2BI
UgwZjYgo3l0EW1JYtgl4AaABAg,2024-08-20T02:32:00Z,There is an issue with garbage. Please fix it soon.,Sanitation,Complaint,https://www.youtube.com/watch?v=GVh0thaa2BI
Ugxv4gzypeJR7Oe2D2l4AaABAg,2024-06-27T10:03:49Z,Good improvement in bridge. Thank you!,Roads & Infrastructure,Feedback,https://www.youtube.com/shorts/nUusxC9fj2g
Ugx-jTxpyW_zviwMpk54AaABAg,2025-10-30T03:38:44Z,People are facing trouble due to ತ್ಯಾಜ್ಯ. ಇದು ತಕ್ಷಣ ಸರಿಪಡಿಸಿ.,Sanitation,Complaint,https://www.youtube.com/watch?v=EU0F3lTCBzs
UgxQE3vJv_8mgqQBb2V4AaABAg,2023-11-02T08:57:52Z,ನೀರು problem is causing inconvenience. Request quick action.,Water Supply,Complaint,https://www.youtube.com/watch?v=EU0F3lTCBzs
UgwBvZW62h1xJMkgxN14AaABAg,2024-02-11T20:10:38Z,Positive changes seen in ಸೇತುವೆ. Thanks team.,Roads & Infrastructure,Feedback,https://www.youtube.com/watch?v=mxk6WWJF17w
Ugwvz6ET2cwS-xqmXbJ4AaABAg,2023-04-30T01:50:09Z,Happy with the recent work on pothhole. Keep going.,Roads & Infrastructure,Feedback,https://www.youtube.com/watch?v=mxk6WWJF17w
Ugx7tHDMV-0vOYrLupt4AaABAg,2023-09-24T13:07:12Z,People are facing trouble due to bridge. ಇದು ತಕ್ಷಣ ಸರಿಪಡಿಸಿ.,Roads & Infrastructure,Complaint,https://www.youtube.com/watch?v=-ou-WdzVoNg
UgwJVHcAHaHs4k33Z6d4AaABAg,2025-11-17T07:19:38Z,Great response regarding tax. ಧನ್ಯವಾದಗಳು!,Revenue/Tax,Feedback,https://www.youtube.com/watch?v=-ou-WdzVoNg
UgyOroFsjLoyJ19JBGF4AaABAg,2025-11-05T13:10:36Z,Positive changes seen in bridge. Thanks team.,Roads & Infrastructure,Feedback,https://www.youtube.com/watch?v=-ou-WdzVoNg
UgwXMW7C7TA-_RTMeoB4AaABAg,2024-11-03T15:27:02Z,The condition of ರಸ್ತೆ needs urgent attention.,Roads & Infrastructure,Complaint,https://www.youtube.com/watch?v=-ou-WdzVoNg
UgwuJYQn_xlxCRMH8cR4AaABAg,2024-10-12T12:56:02Z,There is an issue with ರಸ್ತೆ. Please fix it soon.,Roads & Infrastructure,Complaint,https://www.youtube.com/watch?v=-ou-WdzVoNg
UgwrD81xjsjxQ3qq0hh4AaABAg,2024-10-06T16:30:11Z,There is an issue with ಸೇತುವೆ. Please fix it soon.,Roads & Infrastructure,Complaint,https://www.youtube.com/watch?v=-ou-WdzVoNg
UgybTP9i2UId72adIJd4AaABAg,2024-10-02T03:09:49Z,road problem is causing inconvenience. Request quick action.,Roads & Infrastructure,Complaint,https://www.youtube.com/watch?v=-ou-WdzVoNg
Ugz6gfVvZqAVEF4wtAR4AaABAg,2024-09-07T05:13:38Z,Happy with the recent work on pothhole. Keep going.,Roads & Infrastructure,Feedback,https://www.youtube.com/watch?v=-ou-WdzVoNg
UgwKsusTuQszn_9tdsx4AaABAg,2024-09-07T05:05:16Z,Good improvement in ಸೇತುವೆ. Thank you!,Roads & Infrastructure,Feedback,https://www.youtube.com/watch?v=-ou-WdzVoNg
Ugy6E_da_-q5r6TT3Yp4AaABAg,2024-04-27T02:22:26Z,Great response regarding ಸೇತುವೆ. ಧನ್ಯವಾದಗಳು!,Roads & Infrastructure,Feedback,https://www.youtube.com/watch?v=-ou-WdzVoNg
UgyM7k2JZfzDSuKWHgF4AaABAg,2024-04-13T04:41:10Z,Great response regarding ಸೇತುವೆ. ಧನ್ಯವಾದಗಳು!,Roads & Infrastructure,Feedback,https://www.youtube.com/watch?v=-ou-WdzVoNg
UgxZNI0Y9hod-fnueL14AaABAg,2024-04-06T13:01:16Z,Happy with the recent work on bridge. Keep going.,Roads & Infrastructure,Feedback,https://www.youtube.com/watch?v=-ou-WdzVoNg
Ugy1HWZV9yUgCvtRpzt4AaABAg,2025-09-10T18:57:38Z,There is an issue with road. Please fix it soon.,Roads & Infrastructure,Complaint,https://www.youtube.com/watch?v=1c64EYY-8pA
Ugwy5sBC_ptSfGSAtY94AaABAg,2025-10-17T09:39:43Z,There is an issue with ಸ್ವಚ್ಛತೆ. Please fix it soon.,Sanitation,Complaint,https://www.youtube.com/watch?v=uu-6XV85CmM
UgwWTlHvSRTFYaGjMW14AaABAg,2024-12-31T12:51:53Z,electricity service handled very well. Appreciated.,Electrical,Feedback,https://www.youtube.com/watch?v=uu-6XV85CmM
UgyuxweomThNbk9LZeZ4AaABAg,2024-04-21T17:56:11Z,The condition of ತ್ಯಾಜ್ಯ needs urgent attention.,Sanitation,Complaint,https://www.youtube.com/watch?v=uu-6XV85CmM
Ugz8320caInkTftzrj94AaABAg,2024-04-04T17:19:47Z,Positive changes seen in ವಿದ್ಯುತ್. Thanks team.,Electrical,Feedback,https://www.youtube.com/watch?v=uu-6XV85CmM
UgxoqLrYIjUH7rzuM-54AaABAg,2025-02-14T18:27:11Z,bridge has not been working properly. Kindly repair it.,Roads & Infrastructure,Complaint,https://www.youtube.com/watch?v=CVfywzYzhJc
UgxEIxiY7V7UA8Wb61N4AaABAg,2025-09-25T07:44:26Z,There is an issue with road. Please fix it soon.,Roads & Infrastructure,Complaint,https://www.youtube.com/watch?v=zl75mwQrx1Q
UgzgYFmWk6TVRmsqDhB4AaABAg,2025-04-23T23:50:07Z,ಕಸ problem is causing inconvenience. Request quick action.,Sanitation,Complaint,https://www.youtube.com/watch?v=zl75mwQrx1Q
UgzAsg3qmh3owgfmr3l4AaABAg,2025-02-26T20:29:01Z,ಬಿಲ್ service handled very well. Appreciated.,Revenue/Tax,Feedback,https://www.youtube.com/watch?v=zl75mwQrx1Q
Ugzjt48qkMFGvBZJlTV4AaABAg,2024-12-31T17:51:13Z,There is an issue with ಬಿಲ್. Please fix it soon.,Revenue/Tax,Complaint,https://www.youtube.com/watch?v=zl75mwQrx1Q
UgwEIWsHqIDEK6F-26p4AaABAg,2025-06-11T14:29:17Z,Happy with the recent work on mosquito. Keep going.,Health & Environment,Feedback,https://www.youtube.com/watch?v=vrqE8NQD9pc
UgxZDkc_V8-9BmlIrJp4AaABAg,2025-06-09T06:10:24Z,People are facing trouble due to pothhole. ಇದು ತಕ್ಷಣ ಸರಿಪಡಿಸಿ.,Roads & Infrastructure,Complaint,https://www.youtube.com/watch?v=vrqE8NQD9pc
Ugxs9gndMy80E5V0GfR4AaABAg,2025-06-04T05:20:50Z,Positive changes seen in ಬೀದಿ. Thanks team.,Roads & Infrastructure,Feedback,https://www.youtube.com/watch?v=vrqE8NQD9pc
Ugzvoaz5zb6R7gOq3YJ4AaABAg,2025-08-22T02:53:45Z,Happy with the recent work on ಆರೋಗ್ಯ. Keep going.,Health & Environment,Feedback,https://www.youtube.com/watch?v=FunE2e-4f1Q
UgyNxnQX4p5x6KkeWDx4AaABAg,2023-03-16T07:21:38Z,Good improvement in ಕಸ. Thank you!,Sanitation,Feedback,https://www.youtube.com/watch?v=FunE2e-4f1Q
Ugxndf8geNkstDzvsnN4AaABAg,2023-08-24T12:59:08Z,Positive changes seen in supply. Thanks team.,Water Supply,Feedback,https://www.youtube.com/watch?v=XtpFIU7BAgE
UgwwtHD1etfCRU5swsJ4AaABAg,2025-03-21T18:49:38Z,Great response regarding ಸೇತುವೆ. ಧನ್ಯವಾದಗಳು!,Roads & Infrastructure,Feedback,https://www.youtube.com/watch?v=PL-bbFugIAM
UgyZvwsFhfTnKf41Xix4AaABAg,2025-03-17T21:01:35Z,Great response regarding ಆರೋಗ್ಯ. ಧನ್ಯವಾದಗಳು!,Health & Environment,Feedback,https://www.youtube.com/watch?v=PL-bbFugIAM
UgwJ90Yjx23m6q_b6r94AaABAg,2025-01-30T01:39:15Z,trash has not been working properly. Kindly repair it.,Sanitation,Complaint,https://www.youtube.com/watch?v=3DjLYtKs1lo
UgzdoMNRdVr_uW03LON4AaABAg,2025-01-29T05:50:43Z,ಸ್ವಚ್ಛತೆ has not been working properly. Kindly repair it.,Sanitation,Complaint,https://www.youtube.com/watch?v=3DjLYtKs1lo
UgxRaZ45A_axCqnOsNl4AaABAg,2025-01-20T04:33:20Z,People are facing trouble due to cleaning. ಇದು ತಕ್ಷಣ ಸರಿಪಡಿಸಿ.,Sanitation,Complaint,https://www.youtube.com/watch?v=3DjLYtKs1lo
Ugw3Ljmx2vijqQAxZnF4AaABAg,2025-10-21T08:47:36Z,Happy with the recent work on bridge. Keep going.,Roads & Infrastructure,Feedback,https://www.youtube.com/watch?v=13SOear4wbs
UgwbiiSJSjaIrXECHIR4AaABAg,2025-09-19T09:27:34Z,Positive changes seen in ರಸ್ತೆ. Thanks team.,Roads & Infrastructure,Feedback,https://www.youtube.com/watch?v=13SOear4wbs
UgzW-ZzxmCBVd--i9NB4AaABAg,2025-09-08T13:07:46Z,ರಸ್ತೆ problem is causing inconvenience. Request quick action.,Roads & Infrastructure,Complaint,https://www.youtube.com/watch?v=13SOear4wbs
UgzjrgyrvDmMdjh1lDZ4AaABAg,2025-09-02T06:23:28Z,People are facing trouble due to ಸೇತುವೆ. ಇದು ತಕ್ಷಣ ಸರಿಪಡಿಸಿ.,Roads & Infrastructure,Complaint,https://www.youtube.com/watch?v=13SOear4wbs
UgyorvuFckuNLm5FSad4AaABAg,2025-08-14T15:02:11Z,Positive changes seen in ರಸ್ತೆ. Thanks team.,Roads & Infrastructure,Feedback,https://www.youtube.com/watch?v=13SOear4wbs
Ugyp66_hBIDueS2Xaul4AaABAg,2025-06-05T03:30:14Z,Great response regarding light. ಧನ್ಯವಾದಗಳು!,Electrical,Feedback,https://www.youtube.com/watch?v=A_O95MJmycM
Ugy57Q8N-JQhevXBUFx4AaABAg,2025-02-14T14:31:59Z,Good improvement in ಬಿಲ್. Thank you!,Revenue/Tax,Feedback,https://www.youtube.com/watch?v=A_O95MJmycM
Ugyy2eby6acsLT4ce1F4AaABAg,2024-09-07T03:14:16Z,Great response regarding street. ಧನ್ಯವಾದಗಳು!,Roads & Infrastructure,Feedback,https://www.youtube.com/watch?v=A_O95MJmycM
UgygSCE2pnGlbB-QOSl4AaABAg,2024-08-21T19:52:39Z,pothhole service handled very well. Appreciated.,Roads & Infrastructure,Feedback,https://www.youtube.com/watch?v=A_O95MJmycM
UgzHAtGb_Raark5Cznp4AaABAg,2024-06-28T16:19:28Z,ಬೀದಿ problem is causing inconvenience. Request quick action.,Roads & Infrastructure,Complaint,https://www.youtube.com/watch?v=A_O95MJmycM
Ugw5CAUyybDcacrh9jR4AaABAg,2024-05-10T05:36:47Z,Great response regarding ಬೀದಿ. ಧನ್ಯವಾದಗಳು!,Roads & Infrastructure,Feedback,https://www.youtube.com/watch?v=A_O95MJmycM
UgwlRUokLWBR8kmqGKJ4AaABAg,2023-08-29T10:12:09Z,payment has not been working properly. Kindly repair it.,Revenue/Tax,Complaint,https://www.youtube.com/watch?v=A_O95MJmycM
UgwMD8ab3kWYOSPAS014AaABAg,2025-07-25T06:04:26Z,There is an issue with street. Please fix it soon.,Roads & Infrastructure,Complaint,https://www.youtube.com/watch?v=jTyXFw4G3IQ
UgzmRCCDpgR9fOiBdHl4AaABAg,2025-03-15T13:04:59Z,Great response regarding pothhole. ಧನ್ಯವಾದಗಳು!,Roads & Infrastructure,Feedback,https://www.youtube.com/watch?v=jTyXFw4G3IQ
Ugyxp7q5Ak2kVg_Iwnh4AaABAg,2024-12-21T17:11:24Z,road problem is causing inconvenience. Request quick action.,Roads & Infrastructure,Complaint,https://www.youtube.com/watch?v=jTyXFw4G3IQ
UgwUrEvv2Yj1QrOAF-B4AaABAg,2024-10-27T13:45:53Z,The condition of tax needs urgent attention.,Revenue/Tax,Complaint,https://www.youtube.com/watch?v=jTyXFw4G3IQ
Ugxf0XN0UMCG3oJOCAV4AaABAg,2023-09-13T10:46:47Z,Great response regarding supply. ಧನ್ಯವಾದಗಳು!,Water Supply,Feedback,https://www.youtube.com/watch?v=jTyXFw4G3IQ
Ugxth5KfB97I2iJ9XGh4AaABAg,2024-11-09T09:02:17Z,There is an issue with ರಸ್ತೆ. Please fix it soon.,Roads & Infrastructure,Complaint,https://www.youtube.com/watch?v=gctjjEsvdv4
UgwuKc5t6E199nW1htl4AaABAg,2022-07-26T12:51:10Z,The condition of ಸೇತುವೆ needs urgent attention.,Roads & Infrastructure,Complaint,https://www.youtube.com/watch?v=gctjjEsvdv4
UgxfhOe9RGuZUKrpnFR4AaABAg,2025-05-12T06:15:44Z,ಕಸ has not been working properly. Kindly repair it.,Sanitation,Complaint,https://www.youtube.com/watch?v=LF3f54K4F5Y
UgwI7-mkRz9mXlnaIot4AaABAg,2023-09-20T10:16:30Z,property service handled very well. Appreciated.,Revenue/Tax,Feedback,https://www.youtube.com/watch?v=wKDZ47cf3XY
Ugz82VDOvy8Js9xfNXx4AaABAg,2023-09-04T12:52:52Z,People are facing trouble due to water. ಇದು ತಕ್ಷಣ ಸರಿಪಡಿಸಿ.,Water Supply,Complaint,https://www.youtube.com/watch?v=wKDZ47cf3XY
Ugy52nipyoflirPe05V4AaABAg,2023-08-24T19:32:10Z,Good improvement in ಬಿಲ್. Thank you!,Revenue/Tax,Feedback,https://www.youtube.com/watch?v=wKDZ47cf3XY
Ugzl-Tjy3Fz2K5-_ahx4AaABAg,2023-08-10T22:45:38Z,There is an issue with bridge. Please fix it soon.,Roads & Infrastructure,Complaint,https://www.youtube.com/watch?v=wKDZ47cf3XY
UgxwOdh7hURdDGqRRCZ4AaABAg,2023-08-09T19:46:25Z,electricity service handled very well. Appreciated.,Electrical,Feedback,https://www.youtube.com/watch?v=wKDZ47cf3XY
UgxpzvCDWMTfRBu0GvB4AaABAg,2023-08-09T15:41:25Z,Good improvement in power. Thank you!,Electrical,Feedback,https://www.youtube.com/watch?v=wKDZ47cf3XY
UgynQFwGPpDvONbsLm54AaABAg,2023-08-09T08:54:12Z,Happy with the recent work on property. Keep going.,Revenue/Tax,Feedback,https://www.youtube.com/watch?v=wKDZ47cf3XY
UgxPa0DY3jaOzEDF0Wd4AaABAg,2023-08-09T08:45:06Z,Good improvement in property. Thank you!,Revenue/Tax,Feedback,https://www.youtube.com/watch?v=wKDZ47cf3XY
UgyDojDTsRmbxB7ASLJ4AaABAg,2023-08-07T21:31:46Z,The condition of pothhole needs urgent attention.,Roads & Infrastructure,Complaint,https://www.youtube.com/watch?v=wKDZ47cf3XY
UgzJ-5FXREIjFfjNHYV4AaABAg,2023-08-06T18:49:21Z,The condition of light needs urgent attention.,Electrical,Complaint,https://www.youtube.com/watch?v=wKDZ47cf3XY
UgyKGmdf-Omokh2egPJ4AaABAg,2023-08-05T18:19:15Z,Positive changes seen in ವಿದ್ಯುತ್. Thanks team.,Electrical,Feedback,https://www.youtube.com/watch?v=wKDZ47cf3XY
Ugw-8meIeSnVgLSv73t4AaABAg,2023-08-05T08:11:20Z,The condition of lamp needs urgent attention.,Electrical,Complaint,https://www.youtube.com/watch?v=wKDZ47cf3XY
UgybIUNXNlMTk9hR6J94AaABAg,2025-06-11T16:58:19Z,Good improvement in ಸೇತುವೆ. Thank you!,Roads & Infrastructure,Feedback,https://www.youtube.com/watch?v=DVJGwqRcfHg
UgwjOOhk3ltDLJlcqWV4AaABAg,2025-11-24T01:00:38Z,People are facing trouble due to ಕಸ. ಇದು ತಕ್ಷಣ ಸರಿಪಡಿಸಿ.,Sanitation,Complaint,https://www.youtube.com/watch?v=KL7o-zYTDpI
UgysN344eidrOufQtPt4AaABAg,2025-10-07T05:48:46Z,Positive changes seen in ಕಸ. Thanks team.,Sanitation,Feedback,https://www.youtube.com/watch?v=KL7o-zYTDpI
Ugxj66-VxmSe0PQmaB94AaABAg,2025-05-08T18:40:50Z,Good improvement in garbage. Thank you!,Sanitation,Feedback,https://www.youtube.com/watch?v=KL7o-zYTDpI
UgwtTPuMe6lygDc83A14AaABAg,2025-05-07T02:20:34Z,There is an issue with waste. Please fix it soon.,Sanitation,Complaint,https://www.youtube.com/watch?v=KL7o-zYTDpI
UgzIVdyHqYbrRDJvog14AaABAg,2025-04-08T14:50:45Z,Positive changes seen in road. Thanks team.,Roads & Infrastructure,Feedback,https://www.youtube.com/watch?v=KL7o-zYTDpI
Ugw4nTJIvuloH0yz6iN4AaABAg,2025-01-13T06:01:18Z,Great response regarding ಕಸ. ಧನ್ಯವಾದಗಳು!,Sanitation,Feedback,https://www.youtube.com/watch?v=KL7o-zYTDpI
Ugw5DOF4FMEUxz09ZiJ4AaABAg,2024-11-08T07:53:39Z,cleaning has not been working properly. Kindly repair it.,Sanitation,Complaint,https://www.youtube.com/watch?v=KL7o-zYTDpI
UgzSfiF65bvsoogO-094AaABAg,2024-10-14T11:48:26Z,The condition of ತ್ಯಾಜ್ಯ needs urgent attention.,Sanitation,Complaint,https://www.youtube.com/watch?v=KL7o-zYTDpI
UgzlupxxFKeRMYFqKfh4AaABAg,2024-09-06T20:30:11Z,The condition of trash needs urgent attention.,Sanitation,Complaint,https://www.youtube.com/watch?v=KL7o-zYTDpI
UgwcNs4vYTZ9PAueKKF4AaABAg,2024-07-24T12:43:47Z,waste has not been working properly. Kindly repair it.,Sanitation,Complaint,https://www.youtube.com/watch?v=KL7o-zYTDpI
UgxtewvrKzDc2OnKtFp4AaABAg,2024-05-11T23:09:43Z,Great response regarding waste. ಧನ್ಯವಾದಗಳು!,Sanitation,Feedback,https://www.youtube.com/watch?v=KL7o-zYTDpI
Ugz2czwCfs3l5v5gMJN4AaABAg,2024-02-02T23:54:43Z,ಸ್ವಚ್ಛತೆ problem is causing inconvenience. Request quick action.,Sanitation,Complaint,https://www.youtube.com/watch?v=KL7o-zYTDpI
Ugy-euwMwwt5JMqARgp4AaABAg,2024-01-14T01:08:26Z,waste problem is causing inconvenience. Request quick action.,Sanitation,Complaint,https://www.youtube.com/watch?v=KL7o-zYTDpI
UgxgHRZ3pDqw9y2ceFh4AaABAg,2024-01-06T17:00:07Z,People are facing trouble due to cleaning. ಇದು ತಕ್ಷಣ ಸರಿಪಡಿಸಿ.,Sanitation,Complaint,https://www.youtube.com/watch?v=KL7o-zYTDpI
UgycJYbrLLZlHDIj6g14AaABAg,2023-09-10T16:01:03Z,Good improvement in cleaning. Thank you!,Sanitation,Feedback,https://www.youtube.com/watch?v=KL7o-zYTDpI
Ugy5xNLLG-4oE6OrVHp4AaABAg,2023-09-04T00:10:31Z,The condition of waste needs urgent attention.,Sanitation,Complaint,https://www.youtube.com/watch?v=KL7o-zYTDpI
Ugzhr6QO-qpDFMx83YN4AaABAg,2023-07-08T05:20:33Z,Positive changes seen in tax. Thanks team.,Revenue/Tax,Feedback,https://www.youtube.com/watch?v=KL7o-zYTDpI
UgwtMIJMj7n4ahbbMhl4AaABAg,2023-03-21T22:27:02Z,Good improvement in ತ್ಯಾಜ್ಯ. Thank you!,Sanitation,Feedback,https://www.youtube.com/watch?v=KL7o-zYTDpI
UgxkXeUQD-88--OGITZ4AaABAg,2023-03-06T01:43:54Z,Good improvement in garbage. Thank you!,Sanitation,Feedback,https://www.youtube.com/watch?v=KL7o-zYTDpI
UgzO6XuY_z8qUsbXj0t4AaABAg,2025-11-15T07:41:14Z,Good improvement in ರಸ್ತೆ. Thank you!,Roads & Infrastructure,Feedback,https://www.youtube.com/watch?v=x9basLURhGI
UgwTTUcSO3kPqAh7QQh4AaABAg,2025-07-03T22:03:49Z,ತೆರಿಗೆ service handled very well. Appreciated.,Revenue/Tax,Feedback,https://www.youtube.com/watch?v=x9basLURhGI
UgyPz-SwfIda-Vziw3F4AaABAg,2025-07-03T10:07:39Z,payment has not been working properly. Kindly repair it.,Revenue/Tax,Complaint,https://www.youtube.com/watch?v=x9basLURhGI
UgwqAD__oya7QecRmQ94AaABAg,2025-09-20T10:11:59Z,road problem is causing inconvenience. Request quick action.,Roads & Infrastructure,Complaint,https://www.youtube.com/watch?v=HN6xp0EYcrs
UgyiUIpZ46XcYKlnVpN4AaABAg,2025-07-12T10:49:29Z,ರಸ್ತೆ has not been working properly. Kindly repair it.,Roads & Infrastructure,Complaint,https://www.youtube.com/watch?v=HN6xp0EYcrs
UgxgJK6vvd_Z1rT9-fF4AaABAg,2024-11-17T11:03:03Z,pothhole has not been working properly. Kindly repair it.,Roads & Infrastructure,Complaint,https://www.youtube.com/watch?v=HN6xp0EYcrs
Ugx-3iDMdzD3gZwFhlF4AaABAg,2024-10-28T13:19:56Z,ರಸ್ತೆ has not been working properly. Kindly repair it.,Roads & Infrastructure,Complaint,https://www.youtube.com/watch?v=HN6xp0EYcrs
Ugxlu08cCt7AMmDqxKN4AaABAg,2024-10-23T04:23:43Z,health service handled very well. Appreciated.,Health & Environment,Feedback,https://www.youtube.com/watch?v=HN6xp0EYcrs
UgzQCd92l2Ztkv7Ukvd4AaABAg,2024-10-20T15:19:10Z,People are facing trouble due to bridge. ಇದು ತಕ್ಷಣ ಸರಿಪಡಿಸಿ.,Roads & Infrastructure,Complaint,https://www.youtube.com/watch?v=HN6xp0EYcrs
UgxNLImVitmBQ4abYCp4AaABAg,2024-10-20T14:45:45Z,Good improvement in ತೆರಿಗೆ. Thank you!,Revenue/Tax,Feedback,https://www.youtube.com/watch?v=HN6xp0EYcrs
UgwDJtsJq3z2fhfcJgJ4AaABAg,2024-10-19T10:41:00Z,street has not been working properly. Kindly repair it.,Roads & Infrastructure,Complaint,https://www.youtube.com/watch?v=HN6xp0EYcrs
UgxwEN5pvXk3c18NUrJ4AaABAg,2024-10-12T18:06:52Z,There is an issue with supply. Please fix it soon.,Water Supply,Complaint,https://www.youtube.com/watch?v=HN6xp0EYcrs
UgyhSsXX9XP9_H0zoXl4AaABAg,2024-10-12T14:54:19Z,People are facing trouble due to pothhole. ಇದು ತಕ್ಷಣ ಸರಿಪಡಿಸಿ.,Roads & Infrastructure,Complaint,https://www.youtube.com/watch?v=HN6xp0EYcrs
UgzMg-nDdpSJ9kkmLWF4AaABAg,2024-10-09T05:56:10Z,Good improvement in road. Thank you!,Roads & Infrastructure,Feedback,https://www.youtube.com/watch?v=HN6xp0EYcrs
Ugw097-rAh7zvY6HJst4AaABAg,2024-08-31T16:57:22Z,street service handled very well. Appreciated.,Roads & Infrastructure,Feedback,https://www.youtube.com/watch?v=HN6xp0EYcrs
Ugyar1cE9qCQm-BVD2d4AaABAg,2024-08-21T12:14:43Z,Happy with the recent work on ಸೇತುವೆ. Keep going.,Roads & Infrastructure,Feedback,https://www.youtube.com/watch?v=HN6xp0EYcrs
Ugx2myBwkRr_053J29Z4AaABAg,2024-05-31T13:03:51Z,Good improvement in ಬಿಲ್. Thank you!,Revenue/Tax,Feedback,https://www.youtube.com/watch?v=HN6xp0EYcrs
Ugz9PhG5CNA_A5YcnSZ4AaABAg,2024-05-27T18:34:41Z,bridge service handled very well. Appreciated.,Roads & Infrastructure,Feedback,https://www.youtube.com/watch?v=HN6xp0EYcrs
Ugwlq0x8dT2yVcGMN3R4AaABAg,2024-05-26T11:57:25Z,The condition of ಬೀದಿ needs urgent attention.,Roads & Infrastructure,Complaint,https://www.youtube.com/watch?v=HN6xp0EYcrs
UgwM8izKZIf6fwzCekt4AaABAg,2025-04-15T11:08:15Z,Good improvement in payment. Thank you!,Revenue/Tax,Feedback,https://www.youtube.com/watch?v=O9JbbEv2FfM
Ugx72FAVoZuha98iIkx4AaABAg,2025-04-01T05:59:45Z,Good improvement in tax. Thank you!,Revenue/Tax,Feedback,https://www.youtube.com/watch?v=O9JbbEv2FfM
UgxvwBT7VE3YNj3Fred4AaABAg,2025-02-06T10:20:27Z,People are facing trouble due to payment. ಇದು ತಕ್ಷಣ ಸರಿಪಡಿಸಿ.,Revenue/Tax,Complaint,https://www.youtube.com/watch?v=O9JbbEv2FfM
UgwVyFThUbics-WpYd94AaABAg,2025-11-06T17:20:38Z,Great response regarding ತೆರಿಗೆ. ಧನ್ಯವಾದಗಳು!,Revenue/Tax,Feedback,https://www.youtube.com/watch?v=HXTqwPdViFo
UgzqABAEsQw0oALkIxx4AaABAg,2024-09-02T13:54:19Z,electricity service handled very well. Appreciated.,Electrical,Feedback,https://www.youtube.com/watch?v=HXTqwPdViFo
UgwOZU0qf8HbR2lPpLl4AaABAg,2024-07-30T05:27:46Z,People are facing trouble due to trash. ಇದು ತಕ್ಷಣ ಸರಿಪಡಿಸಿ.,Sanitation,Complaint,https://www.youtube.com/watch?v=HXTqwPdViFo
UgzbXafkk_eIAbbxu594AaABAg,2024-07-10T12:11:19Z,Happy with the recent work on tax. Keep going.,Revenue/Tax,Feedback,https://www.youtube.com/watch?v=HXTqwPdViFo
UgzfhQQWlQni9WxDHwt4AaABAg,2024-07-07T14:19:43Z,Great response regarding ಬಿಲ್. ಧನ್ಯವಾದಗಳು!,Revenue/Tax,Feedback,https://www.youtube.com/watch?v=HXTqwPdViFo
UgwtBCPIAgHRoMSxUfh4AaABAg,2024-07-03T05:34:56Z,Happy with the recent work on ತೆರಿಗೆ. Keep going.,Revenue/Tax,Feedback,https://www.youtube.com/watch?v=HXTqwPdViFo
Ugz8sTdfMhKA3nVFP2R4AaABAg,2023-09-26T13:18:34Z,cleaning problem is causing inconvenience. Request quick action.,Sanitation,Complaint,https://www.youtube.com/watch?v=HXTqwPdViFo
UgyqLkKFqRl1JPxR_O54AaABAg,2025-08-27T10:50:16Z,The condition of street needs urgent attention.,Roads & Infrastructure,Complaint,https://www.youtube.com/watch?v=A42LPJbH2rE
UgzIeR3uKef3mUMKfSF4AaABAg,2025-08-12T13:00:56Z,There is an issue with road. Please fix it soon.,Roads & Infrastructure,Complaint,https://www.youtube.com/watch?v=A42LPJbH2rE
Ugy8UzGQ_EepbyULMGN4AaABAg,2024-04-29T04:40:03Z,Happy with the recent work on ಬೀದಿ. Keep going.,Roads & Infrastructure,Feedback,https://www.youtube.com/watch?v=A42LPJbH2rE
UgyzkJEJSKoEVQPJdIJ4AaABAg,2024-02-09T03:34:40Z,Happy with the recent work on ಬೀದಿ. Keep going.,Roads & Infrastructure,Feedback,https://www.youtube.com/watch?v=A42LPJbH2rE
Ugz6QXua9XdvowmsLWZ4AaABAg,2023-11-21T13:51:18Z,The condition of pothhole needs urgent attention.,Roads & Infrastructure,Complaint,https://www.youtube.com/watch?v=A42LPJbH2rE
UgwsK7K531Ff773A6cN4AaABAg,2023-11-11T17:43:46Z,Great response regarding ಸೇತುವೆ. ಧನ್ಯವಾದಗಳು!,Roads & Infrastructure,Feedback,https://www.youtube.com/watch?v=A42LPJbH2rE
Ugy4Ml8IiW7ZWDjs8tl4AaABAg,2023-10-29T11:15:31Z,Positive changes seen in ಬೀದಿ. Thanks team.,Roads & Infrastructure,Feedback,https://www.youtube.com/watch?v=A42LPJbH2rE
UgwReBHtr_C0pfjqNot4AaABAg,2023-07-29T16:59:42Z,ಬೀದಿ service handled very well. Appreciated.,Roads & Infrastructure,Feedback,https://www.youtube.com/watch?v=A42LPJbH2rE
UgxPhXeVQMJBVCxKsHJ4AaABAg,2023-06-23T13:24:14Z,Positive changes seen in bridge. Thanks team.,Roads & Infrastructure,Feedback,https://www.youtube.com/watch?v=A42LPJbH2rE
UgxA8leeHwLQdMBrZtd4AaABAg,2023-05-01T13:38:07Z,The condition of ಸೇತುವೆ needs urgent attention.,Roads & Infrastructure,Complaint,https://www.youtube.com/watch?v=A42LPJbH2rE
UgzdvR_CFtQhKgm6pb94AaABAg,2023-03-02T19:31:15Z,Positive changes seen in supply. Thanks team.,Water Supply,Feedback,https://www.youtube.com/watch?v=A42LPJbH2rE
Ugziu1WyDsX_-xWudDB4AaABAg,2023-02-08T17:55:31Z,Positive changes seen in road. Thanks team.,Roads & Infrastructure,Feedback,https://www.youtube.com/watch?v=A42LPJbH2rE
UgzjxH43LA8D2CUCwBZ4AaABAg,2023-01-25T21:08:59Z,bridge has not been working properly. Kindly repair it.,Roads & Infrastructure,Complaint,https://www.youtube.com/watch?v=A42LPJbH2rE
Ugw-9-uZT3LAqdYUo2x4AaABAg,2023-01-08T13:39:27Z,Happy with the recent work on ರಸ್ತೆ. Keep going.,Roads & Infrastructure,Feedback,https://www.youtube.com/watch?v=A42LPJbH2rE
UgyHt6o4jx4bns8r76R4AaABAg,2022-12-16T16:27:22Z,ಬೀದಿ service handled very well. Appreciated.,Roads & Infrastructure,Feedback,https://www.youtube.com/watch?v=A42LPJbH2rE
UgxIqsvLffm8JMxwM9B4AaABAg,2022-11-28T06:29:04Z,People are facing trouble due to street. ಇದು ತಕ್ಷಣ ಸರಿಪಡಿಸಿ.,Roads & Infrastructure,Complaint,https://www.youtube.com/watch?v=A42LPJbH2rE
UgwuMNPvwnobB4O025B4AaABAg,2022-11-24T18:20:09Z,ರಸ್ತೆ problem is causing inconvenience. Request quick action.,Roads & Infrastructure,Complaint,https://www.youtube.com/watch?v=A42LPJbH2rE
Ugw8NkZgCHFWnd7Z-pF4AaABAg,2022-11-24T07:01:35Z,Happy with the recent work on bridge. Keep going.,Roads & Infrastructure,Feedback,https://www.youtube.com/watch?v=A42LPJbH2rE
UgzGpxUPxw1r_DWk1p14AaABAg,2022-11-23T15:33:42Z,Positive changes seen in pothhole. Thanks team.,Roads & Infrastructure,Feedback,https://www.youtube.com/watch?v=A42LPJbH2rE
UgxkeNl-5D6dcUEIpr94AaABAg,2022-11-01T07:36:12Z,Positive changes seen in bridge. Thanks team.,Roads & Infrastructure,Feedback,https://www.youtube.com/watch?v=A42LPJbH2rE
UgxuPCKNy0Ek5ILp3vN4AaABAg,2025-06-15T18:47:05Z,pollution has not been working properly. Kindly repair it.,Health & Environment,Complaint,https://www.youtube.com/watch?v=KWF7Ji7Up2A
Ugxum6nEpTyrfhWaj-N4AaABAg,2025-06-13T16:52:01Z,Great response regarding ಕಸ. ಧನ್ಯವಾದಗಳು!,Sanitation,Feedback,https://www.youtube.com/watch?v=KWF7Ji7Up2A
UgwvGJBuFAGd1p5jcDx4AaABAg,2025-06-05T01:37:09Z,There is an issue with ವಿದ್ಯುತ್. Please fix it soon.,Electrical,Complaint,https://www.youtube.com/watch?v=KWF7Ji7Up2A
Ugym_6j521hRBOfajLZ4AaABAg,2025-05-30T13:19:34Z,Happy with the recent work on cleaning. Keep going.,Sanitation,Feedback,https://www.youtube.com/watch?v=KWF7Ji7Up2A
Ugzqe5tLdgXCp69xhHZ4AaABAg,2022-01-26T09:51:34Z,Great response regarding drinking. ಧನ್ಯವಾದಗಳು!,Water Supply,Feedback,https://www.youtube.com/watch?v=hnKC1k2T-t8
UgyDhwDPARsQIMAPvlB4AaABAg,2025-09-16T13:45:01Z,ನೀರು service handled very well. Appreciated.,Water Supply,Feedback,https://www.youtube.com/watch?v=SIjNcdaw_3w
UgwChz3E2XYYYxZhHGN4AaABAg,2025-09-14T00:25:24Z,supply has not been working properly. Kindly repair it.,Water Supply,Complaint,https://www.youtube.com/watch?v=rjPUZmy8wn4
Ugx-xjKvkVABDqiOSJZ4AaABAg,2024-03-10T02:35:23Z,Happy with the recent work on ಸರಬರಾಜು. Keep going.,Water Supply,Feedback,https://www.youtube.com/watch?v=lCJpHlGGtO8
UgwR4GsMeZn6V76xQXV4AaABAg,2024-03-09T05:16:38Z,There is an issue with ಸರಬರಾಜು. Please fix it soon.,Water Supply,Complaint,https://www.youtube.com/watch?v=lCJpHlGGtO8
UgyUxdXTX-wHCf6ci4J4AaABAg,2024-03-06T04:53:03Z,supply has not been working properly. Kindly repair it.,Water Supply,Complaint,https://www.youtube.com/watch?v=lCJpHlGGtO8
UgxVTAvXwFCUmWiV_wV4AaABAg,2024-03-05T08:21:34Z,supply problem is causing inconvenience. Request quick action.,Water Supply,Complaint,https://www.youtube.com/watch?v=lCJpHlGGtO8
UgxOzWNiLittqgwzSVt4AaABAg,2024-03-03T20:54:34Z,Great response regarding ಸರಬರಾಜು. ಧನ್ಯವಾದಗಳು!,Water Supply,Feedback,https://www.youtube.com/watch?v=lCJpHlGGtO8
UgyDyrE4LoLRMNkczhN4AaABAg,2024-03-03T18:27:29Z,Great response regarding ನೀರು. ಧನ್ಯವಾದಗಳು!,Water Supply,Feedback,https://www.youtube.com/watch?v=lCJpHlGGtO8
Ugyij9Aq44r2AC-gslp4AaABAg,2024-03-02T14:34:59Z,People are facing trouble due to ಸರಬರಾಜು. ಇದು ತಕ್ಷಣ ಸರಿಪಡಿಸಿ.,Water Supply,Complaint,https://www.youtube.com/watch?v=lCJpHlGGtO8
UgwyBTmb7s4R9nFtvuh4AaABAg,2024-03-02T04:27:22Z,Good improvement in water. Thank you!,Water Supply,Feedback,https://www.youtube.com/watch?v=lCJpHlGGtO8
Ugy1Bn4G2sp0E7GB5RR4AaABAg,2024-03-01T03:21:13Z,Happy with the recent work on drinking. Keep going.,Water Supply,Feedback,https://www.youtube.com/watch?v=lCJpHlGGtO8
UgzJyELaNIIEYcRxwqJ4AaABAg,2024-02-29T10:15:57Z,Great response regarding ನೀರು. ಧನ್ಯವಾದಗಳು!,Water Supply,Feedback,https://www.youtube.com/watch?v=lCJpHlGGtO8
UgwIZy4c9Kwf7-2gARh4AaABAg,2024-02-29T01:24:59Z,drinking problem is causing inconvenience. Request quick action.,Water Supply,Complaint,https://www.youtube.com/watch?v=lCJpHlGGtO8
Ugw0QlsqH0Ac9PoqIDJ4AaABAg,2024-02-28T21:25:12Z,water problem is causing inconvenience. Request quick action.,Water Supply,Complaint,https://www.youtube.com/watch?v=lCJpHlGGtO8
Ugwc94tF_sFqCtnB4gd4AaABAg,2024-02-28T16:01:02Z,drinking has not been working properly. Kindly repair it.,Water Supply,Complaint,https://www.youtube.com/watch?v=lCJpHlGGtO8
UgyUzTPZaJL_Tjgz6KR4AaABAg,2024-02-28T15:44:54Z,supply problem is causing inconvenience. Request quick action.,Water Supply,Complaint,https://www.youtube.com/watch?v=lCJpHlGGtO8
UgwLUVRYqaXJpb_PEoZ4AaABAg,2024-02-28T10:33:30Z,Positive changes seen in drinking. Thanks team.,Water Supply,Feedback,https://www.youtube.com/watch?v=lCJpHlGGtO8
UgxAx1qgX04SokpgQD94AaABAg,2024-02-28T07:58:59Z,drinking has not been working properly. Kindly repair it.,Water Supply,Complaint,https://www.youtube.com/watch?v=lCJpHlGGtO8
UgxFMsFMaKkedaa1iIx4AaABAg,2024-02-28T04:52:10Z,There is an issue with supply. Please fix it soon.,Water Supply,Complaint,https://www.youtube.com/watch?v=lCJpHlGGtO8
UgyO6UzT6-2VzDoZ6tJ4AaABAg,2024-02-28T03:38:25Z,There is an issue with water. Please fix it soon.,Water Supply,Complaint,https://www.youtube.com/watch?v=lCJpHlGGtO8
UgyBhxC1-sXbfDUNsch4AaABAg,2024-02-28T03:22:17Z,supply has not been working properly. Kindly repair it.,Water Supply,Complaint,https://www.youtube.com/watch?v=lCJpHlGGtO8
Ugyr8cCL7u7z8B1tm2p4AaABAg,2024-02-27T19:40:25Z,ನೀರು has not been working properly. Kindly repair it.,Water Supply,Complaint,https://www.youtube.com/watch?v=lCJpHlGGtO8
Ugwe42WewJyOnMaS9C54AaABAg,2024-02-27T17:53:15Z,Happy with the recent work on ಸರಬರಾಜು. Keep going.,Water Supply,Feedback,https://www.youtube.com/watch?v=lCJpHlGGtO8
Ugz8TFPKQStzpIRFqkF4AaABAg,2024-02-27T17:44:54Z,Happy with the recent work on ನೀರು. Keep going.,Water Supply,Feedback,https://www.youtube.com/watch?v=lCJpHlGGtO8
Ugx8W9qZeaa7goUc3pF4AaABAg,2024-02-27T17:01:30Z,ಸರಬರಾಜು has not been working properly. Kindly repair it.,Water Supply,Complaint,https://www.youtube.com/watch?v=lCJpHlGGtO8
UgznqCBGMd2JBZO4ZeV4AaABAg,2024-02-27T16:55:24Z,There is an issue with ಸರಬರಾಜು. Please fix it soon.,Water Supply,Complaint,https://www.youtube.com/watch?v=lCJpHlGGtO8
UgwlAX6P19wQlpp-axl4AaABAg,2024-02-27T16:47:53Z,Positive changes seen in water. Thanks team.,Water Supply,Feedback,https://www.youtube.com/watch?v=lCJpHlGGtO8
UgwTf0sxO4hTqpKyqdt4AaABAg,2025-06-25T06:06:59Z,Great response regarding ನೀರು. ಧನ್ಯವಾದಗಳು!,Water Supply,Feedback,https://www.youtube.com/watch?v=xOoYs4cE6zY
UgyN41-Fwam_xjvGBHB4AaABAg,2025-06-20T03:54:09Z,ಕಸ service handled very well. Appreciated.,Sanitation,Feedback,https://www.youtube.com/watch?v=xOoYs4cE6zY
UgystECELZYj6NFkTlB4AaABAg,2025-06-16T04:43:47Z,Good improvement in drinking. Thank you!,Water Supply,Feedback,https://www.youtube.com/watch?v=xOoYs4cE6zY
UgwKLPzIOw23OF8xz394AaABAg,2025-06-15T14:50:52Z,Good improvement in ಕಸ. Thank you!,Sanitation,Feedback,https://www.youtube.com/watch?v=xOoYs4cE6zY
Ugx5qq0hpo8H0W0BmgR4AaABAg,2025-06-15T11:58:46Z,ಸರಬರಾಜು has not been working properly. Kindly repair it.,Water Supply,Complaint,https://www.youtube.com/watch?v=xOoYs4cE6zY
UgxLoQYnXjs8ok2cr6J4AaABAg,2025-06-14T08:40:41Z,Positive changes seen in supply. Thanks team.,Water Supply,Feedback,https://www.youtube.com/watch?v=xOoYs4cE6zY
UgyOpJWuSRHejQQqsGp4AaABAg,2025-06-14T01:56:18Z,The condition of drinking needs urgent attention.,Water Supply,Complaint,https://www.youtube.com/watch?v=xOoYs4cE6zY
UgzJwZNvOi5nD4kuP9l4AaABAg,2024-10-16T15:06:07Z,Happy with the recent work on property. Keep going.,Revenue/Tax,Feedback,https://www.youtube.com/watch?v=jHUGP0vGgCE
UgxEah9C5qzozoIeIGB4AaABAg,2024-04-12T05:41:43Z,Positive changes seen in drinking. Thanks team.,Water Supply,Feedback,https://www.youtube.com/watch?v=pIMd-zwa4bA
UgyeVC1tWjIDmlVusaB4AaABAg,2024-04-11T15:38:12Z,Great response regarding ನೀರು. ಧನ್ಯವಾದಗಳು!,Water Supply,Feedback,https://www.youtube.com/watch?v=pIMd-zwa4bA
UgxNmHWQHBmC0WAgc4p4AaABAg,2024-04-10T09:29:50Z,Good improvement in water. Thank you!,Water Supply,Feedback,https://www.youtube.com/watch?v=pIMd-zwa4bA
UgzfDwXBtd68MVPiSsp4AaABAg,2024-04-08T18:30:40Z,ಸರಬರಾಜು service handled very well. Appreciated.,Water Supply,Feedback,https://www.youtube.com/watch?v=pIMd-zwa4bA
Ugzcd6K28o63DGSCTE14AaABAg,2024-04-08T00:16:36Z,ನೀರು service handled very well. Appreciated.,Water Supply,Feedback,https://www.youtube.com/watch?v=pIMd-zwa4bA
Ugw5oRfGbHCpfZ8dGRN4AaABAg,2024-04-07T16:01:15Z,Great response regarding ಸರಬರಾಜು. ಧನ್ಯವಾದಗಳು!,Water Supply,Feedback,https://www.youtube.com/watch?v=pIMd-zwa4bA
UgxgQpMIhwxpMUszZr14AaABAg,2024-04-07T11:46:31Z,Positive changes seen in drinking. Thanks team.,Water Supply,Feedback,https://www.youtube.com/watch?v=pIMd-zwa4bA
Ugz-Dc2Ip2WJMk17Wjp4AaABAg,2024-04-07T07:52:50Z,There is an issue with ಸರಬರಾಜು. Please fix it soon.,Water Supply,Complaint,https://www.youtube.com/watch?v=pIMd-zwa4bA
UgyXKj51RyX44kc_XU94AaABAg,2024-04-07T05:48:16Z,Happy with the recent work on supply. Keep going.,Water Supply,Feedback,https://www.youtube.com/watch?v=pIMd-zwa4bA
Ugwe1ezliUXPV5QEckx4AaABAg,2024-04-07T05:18:26Z,Great response regarding water. ಧನ್ಯವಾದಗಳು!,Water Supply,Feedback,https://www.youtube.com/watch?v=pIMd-zwa4bA
UgwOCQz0nnPjHdJKxh54AaABAg,2024-04-07T03:08:07Z,People are facing trouble due to ನೀರು. ಇದು ತಕ್ಷಣ ಸರಿಪಡಿಸಿ.,Water Supply,Complaint,https://www.youtube.com/watch?v=pIMd-zwa4bA
UgxQcDYl2lKBWxfz8xx4AaABAg,2024-04-06T15:12:41Z,There is an issue with ಸರಬರಾಜು. Please fix it soon.,Water Supply,Complaint,https://www.youtube.com/watch?v=pIMd-zwa4bA
UgyBLrDjPULLQv7krD14AaABAg,2024-04-06T15:04:31Z,Great response regarding water. ಧನ್ಯವಾದಗಳು!,Water Supply,Feedback,https://www.youtube.com/watch?v=pIMd-zwa4bA
UgyOhNGFaWN4OZnIW4N4AaABAg,2024-04-06T14:33:24Z,supply problem is causing inconvenience. Request quick action.,Water Supply,Complaint,https://www.youtube.com/watch?v=pIMd-zwa4bA
UgzIZ5LvMMiRiA1-gUl4AaABAg,2024-04-06T14:02:29Z,Great response regarding supply. ಧನ್ಯವಾದಗಳು!,Water Supply,Feedback,https://www.youtube.com/watch?v=pIMd-zwa4bA
Ugz77OarueObqEMwLvt4AaABAg,2024-04-06T11:52:16Z,property problem is causing inconvenience. Request quick action.,Revenue/Tax,Complaint,https://www.youtube.com/watch?v=pIMd-zwa4bA
UgxxM67KUXgJdo5bfmR4AaABAg,2024-04-06T09:06:58Z,water service handled very well. Appreciated.,Water Supply,Feedback,https://www.youtube.com/watch?v=pIMd-zwa4bA
UgzegDit4hLI0AVAdNt4AaABAg,2024-04-06T08:49:02Z,ಸರಬರಾಜು service handled very well. Appreciated.,Water Supply,Feedback,https://www.youtube.com/watch?v=pIMd-zwa4bA
UgwepPNoqnNIT6iiNhB4AaABAg,2024-04-06T06:23:34Z,Happy with the recent work on ಸರಬರಾಜು. Keep going.,Water Supply,Feedback,https://www.youtube.com/watch?v=pIMd-zwa4bA
UgzqD8RGH4kfdUl8EY54AaABAg,2025-05-18T08:19:20Z,drinking service handled very well. Appreciated.,Water Supply,Feedback,https://www.youtube.com/watch?v=AQGklxGBxu4
UgxfmVBfQ4GgIB9L3ap4AaABAg,2025-05-16T05:42:04Z,ಸರಬರಾಜು problem is causing inconvenience. Request quick action.,Water Supply,Complaint,https://www.youtube.com/watch?v=AQGklxGBxu4
UgzApV6Pnaghxo1asfN4AaABAg,2025-05-16T03:07:09Z,People are facing trouble due to ಸ್ವಚ್ಛತೆ. ಇದು ತಕ್ಷಣ ಸರಿಪಡಿಸಿ.,Sanitation,Complaint,https://www.youtube.com/watch?v=AQGklxGBxu4
Ugz5AjSSNCjYEFccpCl4AaABAg,2025-05-15T08:11:46Z,Great response regarding ಸರಬರಾಜು. ಧನ್ಯವಾದಗಳು!,Water Supply,Feedback,https://www.youtube.com/watch?v=AQGklxGBxu4
UgxZvdBEKZtUoY8iNuV4AaABAg,2025-05-14T15:47:00Z,Good improvement in ನೀರು. Thank you!,Water Supply,Feedback,https://www.youtube.com/watch?v=AQGklxGBxu4
UgwEg3YFh5wi6aQIO_x4AaABAg,2023-09-26T06:01:44Z,The condition of supply needs urgent attention.,Water Supply,Complaint,https://www.youtube.com/watch?v=U2yGU8idx-0
UgzUN-QyM4uOh6fDVwF4AaABAg,2020-08-28T05:28:18Z,Happy with the recent work on water. Keep going.,Water Supply,Feedback,https://www.youtube.com/watch?v=BuZzf1K6XwE
UgxE3ON0VTDdX6EWFXV4AaABAg,2025-03-02T19:02:15Z,Positive changes seen in ಸರಬರಾಜು. Thanks team.,Water Supply,Feedback,https://www.youtube.com/watch?v=EoKQsMB4ufE
UgxftTuOuOYQYD6MVGJ4AaABAg,2024-07-27T17:26:27Z,drinking service handled very well. Appreciated.,Water Supply,Feedback,https://www.youtube.com/watch?v=EoKQsMB4ufE
UgwspRXfNlrzEoP2ozJ4AaABAg,2024-03-13T03:25:02Z,Positive changes seen in supply. Thanks team.,Water Supply,Feedback,https://www.youtube.com/watch?v=EoKQsMB4ufE
UgyvF8IU24pg7-K49ZR4AaABAg,2024-03-12T15:18:30Z,supply service handled very well. Appreciated.,Water Supply,Feedback,https://www.youtube.com/watch?v=EoKQsMB4ufE
Ugyp1RKzYDHAo_te69t4AaABAg,2024-03-11T11:37:17Z,Positive changes seen in ನೀರು. Thanks team.,Water Supply,Feedback,https://www.youtube.com/watch?v=EoKQsMB4ufE
UgzmUotpfePZ-k5fCGF4AaABAg,2025-11-21T19:24:43Z,ತ್ಯಾಜ್ಯ has not been working properly. Kindly repair it.,Sanitation,Complaint,https://www.youtube.com/watch?v=aszVnDvJQIw
UgyRswfxSJiKJdQgPmF4AaABAg,2025-09-24T09:16:48Z,People are facing trouble due to ನೀರು. ಇದು ತಕ್ಷಣ ಸರಿಪಡಿಸಿ.,Water Supply,Complaint,https://www.youtube.com/watch?v=aszVnDvJQIw
UgyCuvh81ucxzX_H4Ah4AaABAg,2025-08-07T21:09:12Z,drinking service handled very well. Appreciated.,Water Supply,Feedback,https://www.youtube.com/watch?v=aszVnDvJQIw
UgxupXjRs-uUmIPcYIl4AaABAg,2025-07-31T08:16:55Z,ನೀರು has not been working properly. Kindly repair it.,Water Supply,Complaint,https://www.youtube.com/watch?v=aszVnDvJQIw
Ugx6ibzYlFMRb8l1drl4AaABAg,2025-07-31T06:30:08Z,There is an issue with water. Please fix it soon.,Water Supply,Complaint,https://www.youtube.com/watch?v=aszVnDvJQIw
UgzBCdQv-h37Ow_YlGR4AaABAg,2025-05-26T19:42:55Z,Good improvement in ನೀರು. Thank you!,Water Supply,Feedback,https://www.youtube.com/watch?v=aszVnDvJQIw
Ugx7Kwzolaf13m0K4QN4AaABAg,2025-04-17T08:36:12Z,supply service handled very well. Appreciated.,Water Supply,Feedback,https://www.youtube.com/watch?v=aszVnDvJQIw
UgyA0O4zwqCx5XFmF854AaABAg,2025-02-16T09:21:18Z,Positive changes seen in supply. Thanks team.,Water Supply,Feedback,https://www.youtube.com/watch?v=aszVnDvJQIw
UgzH4f74r2JoRpmhGht4AaABAg,2025-01-13T04:29:49Z,ಸರಬರಾಜು problem is causing inconvenience. Request quick action.,Water Supply,Complaint,https://www.youtube.com/watch?v=aszVnDvJQIw
UgwLDiPuboPos636uwd4AaABAg,2024-12-11T16:16:37Z,Great response regarding drinking. ಧನ್ಯವಾದಗಳು!,Water Supply,Feedback,https://www.youtube.com/watch?v=aszVnDvJQIw
Ugy-YataqgpXq_EEpBF4AaABAg,2024-09-20T05:28:11Z,Happy with the recent work on water. Keep going.,Water Supply,Feedback,https://www.youtube.com/watch?v=aszVnDvJQIw
UgzGV9EZSP0ulexBXw54AaABAg,2024-09-04T04:43:18Z,Happy with the recent work on ಸರಬರಾಜು. Keep going.,Water Supply,Feedback,https://www.youtube.com/watch?v=aszVnDvJQIw
UgxM09AknFE3sh65Ncp4AaABAg,2024-09-02T09:31:41Z,There is an issue with drinking. Please fix it soon.,Water Supply,Complaint,https://www.youtube.com/watch?v=aszVnDvJQIw
Ugyci4N19iQhkX8dXW14AaABAg,2024-05-26T11:40:15Z,Happy with the recent work on supply. Keep going.,Water Supply,Feedback,https://www.youtube.com/watch?v=aszVnDvJQIw
UgxASf9u4MoSDk1nFpd4AaABAg,2024-04-12T09:26:37Z,drinking problem is causing inconvenience. Request quick action.,Water Supply,Complaint,https://www.youtube.com/watch?v=aszVnDvJQIw
Ugw6_P0l1IXjOzrtqH14AaABAg,2024-04-09T09:15:58Z,water service handled very well. Appreciated.,Water Supply,Feedback,https://www.youtube.com/watch?v=aszVnDvJQIw
Ugz6knqSfQa_Ob19KaB4AaABAg,2024-04-02T19:26:03Z,There is an issue with drinking. Please fix it soon.,Water Supply,Complaint,https://www.youtube.com/watch?v=aszVnDvJQIw
UgwMHXoXxbKbjou5Qqp4AaABAg,2024-04-02T19:18:27Z,ಸರಬರಾಜು service handled very well. Appreciated.,Water Supply,Feedback,https://www.youtube.com/watch?v=aszVnDvJQIw
UgwOTfiQ-iT3bbznyLV4AaABAg,2024-04-02T03:13:08Z,drinking service handled very well. Appreciated.,Water Supply,Feedback,https://www.youtube.com/watch?v=aszVnDvJQIw
UgytqBBRANGauebV6Fp4AaABAg,2024-04-01T17:21:28Z,supply has not been working properly. Kindly repair it.,Water Supply,Complaint,https://www.youtube.com/watch?v=aszVnDvJQIw
UgxMxSG0pIWXjJ2E-IZ4AaABAg,2024-04-01T15:08:52Z,The condition of ನೀರು needs urgent attention.,Water Supply,Complaint,https://www.youtube.com/watch?v=aszVnDvJQIw
UgxixtoiYaS6B6wIQ0h4AaABAg,2024-04-01T10:38:49Z,Positive changes seen in power. Thanks team.,Electrical,Feedback,https://www.youtube.com/watch?v=aszVnDvJQIw
UgyA9FSGeuCTM-wEfx94AaABAg,2024-04-01T05:08:01Z,The condition of drinking needs urgent attention.,Water Supply,Complaint,https://www.youtube.com/watch?v=aszVnDvJQIw
Ugy19vLCQHGcwI2XXzx4AaABAg,2024-03-30T08:55:52Z,People are facing trouble due to supply. ಇದು ತಕ್ಷಣ ಸರಿಪಡಿಸಿ.,Water Supply,Complaint,https://www.youtube.com/watch?v=aszVnDvJQIw
Ugy6hOuECMDBowUxC4d4AaABAg,2024-03-28T13:35:33Z,Happy with the recent work on garbage. Keep going.,Sanitation,Feedback,https://www.youtube.com/watch?v=aszVnDvJQIw
UgzZZNoE6gCqcuTgjpB4AaABAg,2024-03-28T09:25:09Z,ಸರಬರಾಜು has not been working properly. Kindly repair it.,Water Supply,Complaint,https://www.youtube.com/watch?v=aszVnDvJQIw
UgzJC03BPp_zyCvpAod4AaABAg,2024-03-28T08:27:33Z,Happy with the recent work on bridge. Keep going.,Roads & Infrastructure,Feedback,https://www.youtube.com/watch?v=aszVnDvJQIw
UgwpAsFwTiKseb9tXKt4AaABAg,2024-03-28T04:35:41Z,Great response regarding water. ಧನ್ಯವಾದಗಳು!,Water Supply,Feedback,https://www.youtube.com/watch?v=aszVnDvJQIw
UgxS_2SYgc02XuW3gfB4AaABAg,2024-03-28T04:25:14Z,Great response regarding ನೀರು. ಧನ್ಯವಾದಗಳು!,Water Supply,Feedback,https://www.youtube.com/watch?v=aszVnDvJQIw
UgzOVhgRfwWmeJHL4Nt4AaABAg,2024-03-27T15:04:43Z,ನೀರು has not been working properly. Kindly repair it.,Water Supply,Complaint,https://www.youtube.com/watch?v=aszVnDvJQIw
UgzZ_NPjdOv-EJN-ANt4AaABAg,2024-03-27T14:44:19Z,drinking service handled very well. Appreciated.,Water Supply,Feedback,https://www.youtube.com/watch?v=aszVnDvJQIw
Ugx03YnkWYUKpPcG0rV4AaABAg,2024-03-27T04:41:06Z,water service handled very well. Appreciated.,Water Supply,Feedback,https://www.youtube.com/watch?v=aszVnDvJQIw
Ugwoc4wA_4E5k1ei8hR4AaABAg,2024-03-27T02:28:23Z,Happy with the recent work on drinking. Keep going.,Water Supply,Feedback,https://www.youtube.com/watch?v=aszVnDvJQIw
Ugwx1IDul5rIiI9cY494AaABAg,2024-03-26T21:37:31Z,ರಸ್ತೆ problem is causing inconvenience. Request quick action.,Roads & Infrastructure,Complaint,https://www.youtube.com/watch?v=aszVnDvJQIw
UgyoQxw4MR19dzq-wvZ4AaABAg,2024-03-26T19:40:46Z,Positive changes seen in drinking. Thanks team.,Water Supply,Feedback,https://www.youtube.com/watch?v=aszVnDvJQIw
UgxtBhFlhYsN0BCiSIx4AaABAg,2024-03-26T18:39:51Z,People are facing trouble due to ತ್ಯಾಜ್ಯ. ಇದು ತಕ್ಷಣ ಸರಿಪಡಿಸಿ.,Sanitation,Complaint,https://www.youtube.com/watch?v=aszVnDvJQIw
Ugxope41S7v0U6DGnG54AaABAg,2024-03-26T17:36:01Z,Great response regarding ನೀರು. ಧನ್ಯವಾದಗಳು!,Water Supply,Feedback,https://www.youtube.com/watch?v=aszVnDvJQIw
Ugz_R88dcj9gkiFbZ0F4AaABAg,2024-03-26T15:58:57Z,drinking problem is causing inconvenience. Request quick action.,Water Supply,Complaint,https://www.youtube.com/watch?v=aszVnDvJQIw
Ugw6g8IpzHZ_N6ollwZ4AaABAg,2024-03-26T15:25:23Z,Good improvement in ನೀರು. Thank you!,Water Supply,Feedback,https://www.youtube.com/watch?v=aszVnDvJQIw
UgxbOkknp38sW06PpDF4AaABAg,2024-03-26T15:24:48Z,Happy with the recent work on drinking. Keep going.,Water Supply,Feedback,https://www.youtube.com/watch?v=aszVnDvJQIw
UgzdiB4zi3xiCu1t1-Z4AaABAg,2024-03-26T15:21:55Z,supply service handled very well. Appreciated.,Water Supply,Feedback,https://www.youtube.com/watch?v=aszVnDvJQIw
UgzMYlQNDy2dupbjONN4AaABAg,2024-03-26T15:18:12Z,Happy with the recent work on ಸರಬರಾಜು. Keep going.,Water Supply,Feedback,https://www.youtube.com/watch?v=aszVnDvJQIw
UgzV7zJpuaUey4z1tDd4AaABAg,2024-03-26T14:37:49Z,Happy with the recent work on ಸರಬರಾಜು. Keep going.,Water Supply,Feedback,https://www.youtube.com/watch?v=aszVnDvJQIw
UgybFHqgdPV9wIsSBHp4AaABAg,2024-03-26T13:58:17Z,Good improvement in ಸರಬರಾಜು. Thank you!,Water Supply,Feedback,https://www.youtube.com/watch?v=aszVnDvJQIw
Ugzfk4IM8zi7z1O1L5R4AaABAg,2024-03-26T13:23:22Z,Happy with the recent work on water. Keep going.,Water Supply,Feedback,https://www.youtube.com/watch?v=aszVnDvJQIw
Ugzmsqzr4VDCtkopxIN4AaABAg,2024-03-26T13:20:48Z,Positive changes seen in drinking. Thanks team.,Water Supply,Feedback,https://www.youtube.com/watch?v=aszVnDvJQIw
UgzlfP0qkurmkAjqyLB4AaABAg,2024-03-26T13:00:59Z,Good improvement in supply. Thank you!,Water Supply,Feedback,https://www.youtube.com/watch?v=aszVnDvJQIw
UgzDMDPBLuapQw1tm814AaABAg,2024-03-26T12:58:24Z,Positive changes seen in water. Thanks team.,Water Supply,Feedback,https://www.youtube.com/watch?v=aszVnDvJQIw
UgzBjLe33WzSaBzw65x4AaABAg,2024-03-26T12:10:18Z,Great response regarding drinking. ಧನ್ಯವಾದಗಳು!,Water Supply,Feedback,https://www.youtube.com/watch?v=aszVnDvJQIw
Ugzo9-B9gyiHN2Al8SB4AaABAg,2024-03-26T11:59:50Z,Happy with the recent work on water. Keep going.,Water Supply,Feedback,https://www.youtube.com/watch?v=aszVnDvJQIw
UgzCvqZsb9BdTiZNgvp4AaABAg,2024-03-26T11:27:29Z,ಸರಬರಾಜು problem is causing inconvenience. Request quick action.,Water Supply,Complaint,https://www.youtube.com/watch?v=aszVnDvJQIw
UgxxF6vBxYT1u25iv2x4AaABAg,2024-03-26T10:12:26Z,ನೀರು service handled very well. Appreciated.,Water Supply,Feedback,https://www.youtube.com/watch?v=aszVnDvJQIw
UgwgN9bT6bsxIbeH5Q94AaABAg,2024-03-26T09:51:06Z,Great response regarding drinking. ಧನ್ಯವಾದಗಳು!,Water Supply,Feedback,https://www.youtube.com/watch?v=aszVnDvJQIw
Ugwr7OUb6DXHBLYcVOp4AaABAg,2024-03-26T09:39:39Z,Good improvement in drinking. Thank you!,Water Supply,Feedback,https://www.youtube.com/watch?v=aszVnDvJQIw
UgxGLWPw6X7jj5tvaX94AaABAg,2024-03-26T09:31:38Z,Good improvement in ಸರಬರಾಜು. Thank you!,Water Supply,Feedback,https://www.youtube.com/watch?v=aszVnDvJQIw
UgxXpnsFw3m3g5MoxrV4AaABAg,2024-03-26T09:12:50Z,Positive changes seen in drinking. Thanks team.,Water Supply,Feedback,https://www.youtube.com/watch?v=aszVnDvJQIw
UgwJK0xPJJaLizcrKmF4AaABAg,2024-03-26T09:06:53Z,Positive changes seen in ನೀರು. Thanks team.,Water Supply,Feedback,https://www.youtube.com/watch?v=aszVnDvJQIw
UgyyP25v5RuBK8owK-54AaABAg,2024-03-26T09:05:24Z,Great response regarding supply. ಧನ್ಯವಾದಗಳು!,Water Supply,Feedback,https://www.youtube.com/watch?v=aszVnDvJQIw
Ugx0ZERTsXJO_kfNxkl4AaABAg,2024-03-26T08:28:51Z,drinking has not been working properly. Kindly repair it.,Water Supply,Complaint,https://www.youtube.com/watch?v=aszVnDvJQIw
Ugxlu1hv7EjPoCrlrA94AaABAg,2024-03-26T07:36:56Z,Good improvement in supply. Thank you!,Water Supply,Feedback,https://www.youtube.com/watch?v=aszVnDvJQIw
UgzgbF5V0PgmUITSN_x4AaABAg,2024-03-26T07:14:47Z,Good improvement in water. Thank you!,Water Supply,Feedback,https://www.youtube.com/watch?v=aszVnDvJQIw
Ugy6r6EqcN3wvh-2aux4AaABAg,2024-03-26T07:12:32Z,Happy with the recent work on drinking. Keep going.,Water Supply,Feedback,https://www.youtube.com/watch?v=aszVnDvJQIw
Ugx834VH79KQYULn8WZ4AaABAg,2024-03-26T07:02:39Z,ಸರಬರಾಜು has not been working properly. Kindly repair it.,Water Supply,Complaint,https://www.youtube.com/watch?v=aszVnDvJQIw
UgwMXA3pRzjPPczy9Pp4AaABAg,2024-03-26T06:55:40Z,Happy with the recent work on water. Keep going.,Water Supply,Feedback,https://www.youtube.com/watch?v=aszVnDvJQIw
Ugwk72EEvGUfMo486V54AaABAg,2024-03-26T06:39:57Z,Great response regarding drinking. ಧನ್ಯವಾದಗಳು!,Water Supply,Feedback,https://www.youtube.com/watch?v=aszVnDvJQIw
UgwpM2lG03CtaUDLRvt4AaABAg,2024-03-26T06:33:56Z,The condition of ನೀರು needs urgent attention.,Water Supply,Complaint,https://www.youtube.com/watch?v=aszVnDvJQIw
UgwBAE7KYCtvnvkc1Zp4AaABAg,2024-03-26T06:15:19Z,The condition of ಸರಬರಾಜು needs urgent attention.,Water Supply,Complaint,https://www.youtube.com/watch?v=aszVnDvJQIw
Ugw-bJTntlvUwPbmJfF4AaABAg,2024-03-26T06:07:39Z,Great response regarding drinking. ಧನ್ಯವಾದಗಳು!,Water Supply,Feedback,https://www.youtube.com/watch?v=aszVnDvJQIw
UgzaUUBJzGEGpXC2lG14AaABAg,2024-03-26T05:09:49Z,Great response regarding supply. ಧನ್ಯವಾದಗಳು!,Water Supply,Feedback,https://www.youtube.com/watch?v=aszVnDvJQIw
UgyGLrxDGaOSb5E5YUt4AaABAg,2025-07-25T17:04:07Z,The condition of property needs urgent attention.,Revenue/Tax,Complaint,https://www.youtube.com/watch?v=eNlBzBMXdLM
Ugz7DbqYLbelnb4QZ6B4AaABAg,2025-06-29T14:27:42Z,There is an issue with tax. Please fix it soon.,Revenue/Tax,Complaint,https://www.youtube.com/watch?v=eNlBzBMXdLM
UgyrHGB7etY8AZZ_uWd4AaABAg,2025-01-29T17:30:30Z,ಕಸ service handled very well. Appreciated.,Sanitation,Feedback,https://www.youtube.com/watch?v=eNlBzBMXdLM
Ugw2OBTHEwcWI5JzMqt4AaABAg,2025-01-29T06:41:54Z,Great response regarding ಸರಬರಾಜು. ಧನ್ಯವಾದಗಳು!,Water Supply,Feedback,https://www.youtube.com/watch?v=eNlBzBMXdLM
UgzI8N5qYFUu193OrCV4AaABAg,2025-04-18T06:24:58Z,ನೀರು has not been working properly. Kindly repair it.,Water Supply,Complaint,https://www.youtube.com/watch?v=cprVAkyj8lk
UgwmIimotC9D4SLBeHh4AaABAg,2025-04-17T06:03:46Z,Great response regarding water. ಧನ್ಯವಾದಗಳು!,Water Supply,Feedback,https://www.youtube.com/watch?v=cprVAkyj8lk
Ugwi1ZMCs_UfZJcVBOV4AaABAg,2025-04-16T12:53:08Z,water has not been working properly. Kindly repair it.,Water Supply,Complaint,https://www.youtube.com/watch?v=cprVAkyj8lk
Ugxe5zZr9m_qELhIsFF4AaABAg,2025-04-16T04:26:37Z,supply problem is causing inconvenience. Request quick action.,Water Supply,Complaint,https://www.youtube.com/watch?v=cprVAkyj8lk
Ugzx4_Xv1igjvDGyijF4AaABAg,2025-04-16T03:10:16Z,People are facing trouble due to ಸರಬರಾಜು. ಇದು ತಕ್ಷಣ ಸರಿಪಡಿಸಿ.,Water Supply,Complaint,https://www.youtube.com/watch?v=cprVAkyj8lk
UgyWjDZb2bC7dLczruV4AaABAg,2025-04-14T12:33:18Z,Happy with the recent work on ನೀರು. Keep going.,Water Supply,Feedback,https://www.youtube.com/watch?v=cprVAkyj8lk
Ugz8NTZWeC7M6YSPCLt4AaABAg,2025-04-14T11:43:26Z,The condition of water needs urgent attention.,Water Supply,Complaint,https://www.youtube.com/watch?v=cprVAkyj8lk
UgxYeAN3VqBM_IY8AmR4AaABAg,2025-04-13T15:18:46Z,Positive changes seen in supply. Thanks team.,Water Supply,Feedback,https://www.youtube.com/watch?v=cprVAkyj8lk
UgwXYor_xcjKm8XyqIx4AaABAg,2025-04-13T05:34:30Z,water has not been working properly. Kindly repair it.,Water Supply,Complaint,https://www.youtube.com/watch?v=cprVAkyj8lk
Ugw_nMwyNK2Ou7aqWcV4AaABAg,2025-04-12T09:20:11Z,Positive changes seen in drinking. Thanks team.,Water Supply,Feedback,https://www.youtube.com/watch?v=cprVAkyj8lk
UgwawY8Z92S9Q43qBmZ4AaABAg,2025-04-10T01:30:38Z,People are facing trouble due to ಸರಬರಾಜು. ಇದು ತಕ್ಷಣ ಸರಿಪಡಿಸಿ.,Water Supply,Complaint,https://www.youtube.com/watch?v=cprVAkyj8lk
Ugw-6HPQ2xabS4t3ypd4AaABAg,2024-03-08T03:52:04Z,supply service handled very well. Appreciated.,Water Supply,Feedback,https://www.youtube.com/watch?v=mzwNUwBRhBM
UgwfTQz2RSwh9o4qECh4AaABAg,2024-03-06T06:31:41Z,drinking service handled very well. Appreciated.,Water Supply,Feedback,https://www.youtube.com/watch?v=mzwNUwBRhBM
Ugz1LoeYvOUhbFD8XCt4AaABAg,2025-04-04T11:21:42Z,Good improvement in supply. Thank you!,Water Supply,Feedback,https://www.youtube.com/watch?v=F6P9wtue8rU
Ugzk_rnkacxieKKPRQt4AaABAg,2025-11-22T04:03:02Z,There is an issue with bridge. Please fix it soon.,Roads & Infrastructure,Complaint,https://www.youtube.com/watch?v=UdgHlRmCyJ0
UgxkkGTsq4Ms5HCE1jx4AaABAg,2025-11-15T09:55:12Z,street service handled very well. Appreciated.,Roads & Infrastructure,Feedback,https://www.youtube.com/watch?v=UdgHlRmCyJ0
Ugw4hYNbSjK_rnVbaN94AaABAg,2025-11-11T18:36:11Z,There is an issue with street. Please fix it soon.,Roads & Infrastructure,Complaint,https://www.youtube.com/watch?v=UdgHlRmCyJ0
UgzXn_uhWdRjEQLq2oJ4AaABAg,2025-11-11T07:14:52Z,Great response regarding pothhole. ಧನ್ಯವಾದಗಳು!,Roads & Infrastructure,Feedback,https://www.youtube.com/watch?v=UdgHlRmCyJ0
UgwKuEuZcGwwvdn-Njp4AaABAg,2025-11-11T05:55:48Z,Great response regarding waste. ಧನ್ಯವಾದಗಳು!,Sanitation,Feedback,https://www.youtube.com/watch?v=UdgHlRmCyJ0
UgwcrKbOBY3SmdzD18h4AaABAg,2025-11-09T20:03:33Z,Great response regarding ಸೇತುವೆ. ಧನ್ಯವಾದಗಳು!,Roads & Infrastructure,Feedback,https://www.youtube.com/watch?v=UdgHlRmCyJ0
Ugw6Vb8bp6VnLtsp5Ux4AaABAg,2025-11-09T05:36:38Z,bridge problem is causing inconvenience. Request quick action.,Roads & Infrastructure,Complaint,https://www.youtube.com/watch?v=UdgHlRmCyJ0
UgzGY7usHhg8-YpPafF4AaABAg,2025-11-08T13:19:36Z,Good improvement in garbage. Thank you!,Sanitation,Feedback,https://www.youtube.com/watch?v=UdgHlRmCyJ0
Ugx2TI2RhG242VT2j_t4AaABAg,2025-11-08T07:03:20Z,There is an issue with trash. Please fix it soon.,Sanitation,Complaint,https://www.youtube.com/watch?v=UdgHlRmCyJ0
UgwrYFzd8vbN5Mrh6uR4AaABAg,2025-11-08T03:05:57Z,ಕಸ problem is causing inconvenience. Request quick action.,Sanitation,Complaint,https://www.youtube.com/watch?v=UdgHlRmCyJ0
Ugy2OA4nM5gAaIGySSZ4AaABAg,2025-11-08T02:47:17Z,Great response regarding cleaning. ಧನ್ಯವಾದಗಳು!,Sanitation,Feedback,https://www.youtube.com/watch?v=UdgHlRmCyJ0
Ugyzc2T1SGHp2015Ahd4AaABAg,2025-11-07T15:49:43Z,The condition of ಬೀದಿ needs urgent attention.,Roads & Infrastructure,Complaint,https://www.youtube.com/watch?v=UdgHlRmCyJ0
Ugz4tDFlOKbsRdqSd4V4AaABAg,2025-11-07T12:01:30Z,bridge service handled very well. Appreciated.,Roads & Infrastructure,Feedback,https://www.youtube.com/watch?v=UdgHlRmCyJ0
UgxFVn6QR1ij4ZQMvox4AaABAg,2025-11-07T10:36:51Z,street service handled very well. Appreciated.,Roads & Infrastructure,Feedback,https://www.youtube.com/watch?v=UdgHlRmCyJ0
Ugxr0rkwr_Kmc0M3h9N4AaABAg,2025-11-07T09:03:30Z,ಸ್ವಚ್ಛತೆ has not been working properly. Kindly repair it.,Sanitation,Complaint,https://www.youtube.com/watch?v=UdgHlRmCyJ0
UgwR8ltboJyhr18CffF4AaABAg,2025-11-07T03:28:48Z,People are facing trouble due to street. ಇದು ತಕ್ಷಣ ಸರಿಪಡಿಸಿ.,Roads & Infrastructure,Complaint,https://www.youtube.com/watch?v=UdgHlRmCyJ0
UgxlQrjIl4Wm2Gu2Yw14AaABAg,2025-11-06T18:13:44Z,There is an issue with garbage. Please fix it soon.,Sanitation,Complaint,https://www.youtube.com/watch?v=UdgHlRmCyJ0
UgzZfc99cxao1jvdtgN4AaABAg,2025-11-06T15:41:12Z,Happy with the recent work on ತ್ಯಾಜ್ಯ. Keep going.,Sanitation,Feedback,https://www.youtube.com/watch?v=UdgHlRmCyJ0
Ugy0O551lHkDQcGJPYJ4AaABAg,2025-11-06T09:52:53Z,Good improvement in ರಸ್ತೆ. Thank you!,Roads & Infrastructure,Feedback,https://www.youtube.com/watch?v=UdgHlRmCyJ0
Ugyb95885cFkzFhbi2t4AaABAg,2025-11-06T06:15:28Z,Great response regarding lamp. ಧನ್ಯವಾದಗಳು!,Electrical,Feedback,https://www.youtube.com/watch?v=UdgHlRmCyJ0
Ugw2GGBtwSm02Lzq9sJ4AaABAg,2025-11-05T16:04:26Z,garbage has not been working properly. Kindly repair it.,Sanitation,Complaint,https://www.youtube.com/watch?v=UdgHlRmCyJ0
UgxfXx4ZfWiC9WJaRlJ4AaABAg,2025-11-05T15:39:09Z,bridge service handled very well. Appreciated.,Roads & Infrastructure,Feedback,https://www.youtube.com/watch?v=UdgHlRmCyJ0
UgzRu0I2Zbl0bOMnqWR4AaABAg,2025-11-05T15:31:00Z,Happy with the recent work on trash. Keep going.,Sanitation,Feedback,https://www.youtube.com/watch?v=UdgHlRmCyJ0
UgyTwMcZSvXDUVo2z_14AaABAg,2025-11-05T08:59:39Z,Happy with the recent work on cleaning. Keep going.,Sanitation,Feedback,https://www.youtube.com/watch?v=UdgHlRmCyJ0
UgzTwtpPYJa2irYAvPZ4AaABAg,2025-11-05T08:55:07Z,ತ್ಯಾಜ್ಯ service handled very well. Appreciated.,Sanitation,Feedback,https://www.youtube.com/watch?v=UdgHlRmCyJ0
Ugz7YR87TT2fU2v6Vkt4AaABAg,2025-11-05T07:10:20Z,Great response regarding ಕಸ. ಧನ್ಯವಾದಗಳು!,Sanitation,Feedback,https://www.youtube.com/watch?v=UdgHlRmCyJ0
UgyvQ4EDLA7eNMRQcCZ4AaABAg,2025-11-05T05:08:14Z,bridge service handled very well. Appreciated.,Roads & Infrastructure,Feedback,https://www.youtube.com/watch?v=UdgHlRmCyJ0
UgxVtNilNuPATw9Q5HB4AaABAg,2025-11-05T04:54:14Z,Great response regarding street. ಧನ್ಯವಾದಗಳು!,Roads & Infrastructure,Feedback,https://www.youtube.com/watch?v=UdgHlRmCyJ0
UgwPuIFpPX9rp-L3S8N4AaABAg,2025-11-04T16:32:40Z,waste has not been working properly. Kindly repair it.,Sanitation,Complaint,https://www.youtube.com/watch?v=UdgHlRmCyJ0
UgwlEyYKy2WUZjmQOjJ4AaABAg,2025-11-04T16:09:06Z,bridge has not been working properly. Kindly repair it.,Roads & Infrastructure,Complaint,https://www.youtube.com/watch?v=UdgHlRmCyJ0
UgyR30K2f2Qb92tjAe54AaABAg,2025-11-04T16:06:56Z,ತ್ಯಾಜ್ಯ has not been working properly. Kindly repair it.,Sanitation,Complaint,https://www.youtube.com/watch?v=UdgHlRmCyJ0
Ugw5peOO2l71DP8iwxh4AaABAg,2025-11-04T15:59:18Z,waste service handled very well. Appreciated.,Sanitation,Feedback,https://www.youtube.com/watch?v=UdgHlRmCyJ0
UgwA5vkvWLbPJcthP914AaABAg,2025-11-04T14:41:24Z,street service handled very well. Appreciated.,Roads & Infrastructure,Feedback,https://www.youtube.com/watch?v=UdgHlRmCyJ0
Ugzl8kxL6PdvJV5ynVt4AaABAg,2025-11-04T14:24:17Z,street problem is causing inconvenience. Request quick action.,Roads & Infrastructure,Complaint,https://www.youtube.com/watch?v=UdgHlRmCyJ0
UgwUX87pnAJOtt3D2AB4AaABAg,2025-11-04T14:21:14Z,There is an issue with ರಸ್ತೆ. Please fix it soon.,Roads & Infrastructure,Complaint,https://www.youtube.com/watch?v=UdgHlRmCyJ0
UgwWY5wXx1qdklPZAg94AaABAg,2025-11-04T14:16:36Z,Good improvement in cleaning. Thank you!,Sanitation,Feedback,https://www.youtube.com/watch?v=UdgHlRmCyJ0
UgzWd7PPPMlDIBySiO94AaABAg,2025-11-04T14:01:29Z,Great response regarding street. ಧನ್ಯವಾದಗಳು!,Roads & Infrastructure,Feedback,https://www.youtube.com/watch?v=UdgHlRmCyJ0
UgzbklpNFTn49NwFxDZ4AaABAg,2025-11-04T11:55:30Z,ಸ್ವಚ್ಛತೆ service handled very well. Appreciated.,Sanitation,Feedback,https://www.youtube.com/watch?v=UdgHlRmCyJ0
UgyPhRTK7zjqsCgKr_J4AaABAg,2025-11-04T08:49:39Z,There is an issue with ಕಸ. Please fix it soon.,Sanitation,Complaint,https://www.youtube.com/watch?v=UdgHlRmCyJ0
UgzWQTvuGMukjqys9bN4AaABAg,2025-11-04T01:52:18Z,cleaning has not been working properly. Kindly repair it.,Sanitation,Complaint,https://www.youtube.com/watch?v=UdgHlRmCyJ0
UgxMT6NlUr9qYAmMq5B4AaABAg,2025-11-04T01:41:04Z,Positive changes seen in ಕಸ. Thanks team.,Sanitation,Feedback,https://www.youtube.com/watch?v=UdgHlRmCyJ0
UgwRKXLUzUqfIkv5iMR4AaABAg,2025-11-03T15:39:52Z,Great response regarding ಸರಬರಾಜು. ಧನ್ಯವಾದಗಳು!,Water Supply,Feedback,https://www.youtube.com/watch?v=UdgHlRmCyJ0
UgzeyqAax7__NiRM2dB4AaABAg,2025-11-03T13:00:12Z,Happy with the recent work on ಸೇತುವೆ. Keep going.,Roads & Infrastructure,Feedback,https://www.youtube.com/watch?v=UdgHlRmCyJ0
UgztI41KGbzmr8tx_f14AaABAg,2025-11-03T11:12:20Z,Great response regarding ಕಸ. ಧನ್ಯವಾದಗಳು!,Sanitation,Feedback,https://www.youtube.com/watch?v=UdgHlRmCyJ0
Ugzz3KLZgPkn7b1t5Hl4AaABAg,2025-11-03T10:37:28Z,garbage service handled very well. Appreciated.,Sanitation,Feedback,https://www.youtube.com/watch?v=UdgHlRmCyJ0
Ugw-Wd-vZrYkR6T0jWZ4AaABAg,2025-11-02T20:51:45Z,The condition of ಸೇತುವೆ needs urgent attention.,Roads & Infrastructure,Complaint,https://www.youtube.com/watch?v=UdgHlRmCyJ0
Ugxy6W8SUykee9_o6ER4AaABAg,2025-11-02T18:20:16Z,Happy with the recent work on ಸೇತುವೆ. Keep going.,Roads & Infrastructure,Feedback,https://www.youtube.com/watch?v=UdgHlRmCyJ0
UgyWc57rTgdxZ5tma-p4AaABAg,2025-11-02T16:23:55Z,Great response regarding drinking. ಧನ್ಯವಾದಗಳು!,Water Supply,Feedback,https://www.youtube.com/watch?v=UdgHlRmCyJ0
Ugxt1o_aYMwDj7Yic7F4AaABAg,2025-11-02T10:37:39Z,The condition of trash needs urgent attention.,Sanitation,Complaint,https://www.youtube.com/watch?v=UdgHlRmCyJ0
Ugyi1QLBLm7-CVT3U1d4AaABAg,2025-11-02T10:13:08Z,ತ್ಯಾಜ್ಯ problem is causing inconvenience. Request quick action.,Sanitation,Complaint,https://www.youtube.com/watch?v=UdgHlRmCyJ0
UgwvKPZmdM97F5nR2hR4AaABAg,2025-11-02T10:07:08Z,Happy with the recent work on pothhole. Keep going.,Roads & Infrastructure,Feedback,https://www.youtube.com/watch?v=UdgHlRmCyJ0
UgyX9tMK1qhUCHHpHph4AaABAg,2025-11-02T07:48:59Z,cleaning has not been working properly. Kindly repair it.,Sanitation,Complaint,https://www.youtube.com/watch?v=UdgHlRmCyJ0
UgzjRskghLbKnM1LqTB4AaABAg,2025-11-01T19:41:21Z,Good improvement in waste. Thank you!,Sanitation,Feedback,https://www.youtube.com/watch?v=UdgHlRmCyJ0
Ugyn69yKtDfRDpztauB4AaABAg,2025-11-01T19:25:41Z,The condition of ಕಸ needs urgent attention.,Sanitation,Complaint,https://www.youtube.com/watch?v=UdgHlRmCyJ0
Ugyt4OtgAya23o5mgjd4AaABAg,2025-11-01T18:15:31Z,Great response regarding ಸೇತುವೆ. ಧನ್ಯವಾದಗಳು!,Roads & Infrastructure,Feedback,https://www.youtube.com/watch?v=UdgHlRmCyJ0
Ugx3On8EWwmtDQx16LV4AaABAg,2025-11-01T18:11:19Z,Positive changes seen in street. Thanks team.,Roads & Infrastructure,Feedback,https://www.youtube.com/watch?v=UdgHlRmCyJ0
UgzLT0P-vPutpeN0o354AaABAg,2025-11-01T18:09:19Z,There is an issue with ರಸ್ತೆ. Please fix it soon.,Roads & Infrastructure,Complaint,https://www.youtube.com/watch?v=UdgHlRmCyJ0
UgxvOkEzWkmGlIyRRuZ4AaABAg,2025-11-01T17:08:50Z,People are facing trouble due to drinking. ಇದು ತಕ್ಷಣ ಸರಿಪಡಿಸಿ.,Water Supply,Complaint,https://www.youtube.com/watch?v=UdgHlRmCyJ0
Ugwmb6xjrPFjxbjMUZ54AaABAg,2025-11-01T17:04:31Z,Positive changes seen in cleaning. Thanks team.,Sanitation,Feedback,https://www.youtube.com/watch?v=UdgHlRmCyJ0
Ugz4KN5ljgkJSfn3VUF4AaABAg,2025-11-01T16:00:33Z,Great response regarding ಕಸ. ಧನ್ಯವಾದಗಳು!,Sanitation,Feedback,https://www.youtube.com/watch?v=UdgHlRmCyJ0
UgywWYcAKWZxb6HZQI54AaABAg,2025-11-01T15:21:39Z,Great response regarding ಕಸ. ಧನ್ಯವಾದಗಳು!,Sanitation,Feedback,https://www.youtube.com/watch?v=UdgHlRmCyJ0
UgyEjAk98gjkfBsDfRV4AaABAg,2025-11-01T14:27:11Z,Great response regarding garbage. ಧನ್ಯವಾದಗಳು!,Sanitation,Feedback,https://www.youtube.com/watch?v=UdgHlRmCyJ0
UgxYaLL1gKtZnhAZjfh4AaABAg,2025-11-01T13:55:25Z,There is an issue with garbage. Please fix it soon.,Sanitation,Complaint,https://www.youtube.com/watch?v=UdgHlRmCyJ0
UgwbGVQYM3b8C9TwW0l4AaABAg,2025-11-01T13:29:51Z,Positive changes seen in road. Thanks team.,Roads & Infrastructure,Feedback,https://www.youtube.com/watch?v=UdgHlRmCyJ0
UgyFnJhhbslRC0H_Jct4AaABAg,2025-11-01T13:19:11Z,There is an issue with ಸೇತುವೆ. Please fix it soon.,Roads & Infrastructure,Complaint,https://www.youtube.com/watch?v=UdgHlRmCyJ0
UgwxIbuunWVKxunFKgB4AaABAg,2025-11-01T13:16:59Z,Happy with the recent work on pothhole. Keep going.,Roads & Infrastructure,Feedback,https://www.youtube.com/watch?v=UdgHlRmCyJ0
Ugyt4VTTCI7Gjd9uDod4AaABAg,2025-11-01T13:11:56Z,Happy with the recent work on ಸೇತುವೆ. Keep going.,Roads & Infrastructure,Feedback,https://www.youtube.com/watch?v=UdgHlRmCyJ0
UgwUoAOVlWJPlCBlxU94AaABAg,2025-11-01T10:20:31Z,People are facing trouble due to trash. ಇದು ತಕ್ಷಣ ಸರಿಪಡಿಸಿ.,Sanitation,Complaint,https://www.youtube.com/watch?v=UdgHlRmCyJ0
UgyzigwUnJKOpK5SRbV4AaABAg,2025-11-01T09:53:10Z,Happy with the recent work on ಸೇತುವೆ. Keep going.,Roads & Infrastructure,Feedback,https://www.youtube.com/watch?v=UdgHlRmCyJ0
Ugz_c3CnCjbjwaqYe8l4AaABAg,2025-11-01T09:24:35Z,The condition of bridge needs urgent attention.,Roads & Infrastructure,Complaint,https://www.youtube.com/watch?v=UdgHlRmCyJ0
UgxHCSVxtK8d6co6Jlh4AaABAg,2025-11-01T09:15:08Z,There is an issue with trash. Please fix it soon.,Sanitation,Complaint,https://www.youtube.com/watch?v=UdgHlRmCyJ0
UgxWZRUdgPAx3y_hO9R4AaABAg,2025-11-01T08:29:21Z,street service handled very well. Appreciated.,Roads & Infrastructure,Feedback,https://www.youtube.com/watch?v=UdgHlRmCyJ0
UgwI3fvunub63ttKGAx4AaABAg,2025-11-01T08:01:41Z,Positive changes seen in ಕಸ. Thanks team.,Sanitation,Feedback,https://www.youtube.com/watch?v=UdgHlRmCyJ0
Ugzf8VcyRl7nmnge5AJ4AaABAg,2025-11-01T06:08:18Z,waste has not been working properly. Kindly repair it.,Sanitation,Complaint,https://www.youtube.com/watch?v=UdgHlRmCyJ0
Ugzv4k5D5PfLWNE7LQt4AaABAg,2025-10-31T20:14:43Z,Great response regarding bridge. ಧನ್ಯವಾದಗಳು!,Roads & Infrastructure,Feedback,https://www.youtube.com/watch?v=UdgHlRmCyJ0
UgxYYDM2AQW3iU-6ohN4AaABAg,2025-10-31T19:34:42Z,ತೆರಿಗೆ problem is causing inconvenience. Request quick action.,Revenue/Tax,Complaint,https://www.youtube.com/watch?v=UdgHlRmCyJ0
UgyAX1WLuVLzE2JnuXZ4AaABAg,2025-10-31T19:25:27Z,Great response regarding ತ್ಯಾಜ್ಯ. ಧನ್ಯವಾದಗಳು!,Sanitation,Feedback,https://www.youtube.com/watch?v=UdgHlRmCyJ0
Ugwygu7ZwTnxF97NIcR4AaABAg,2025-10-31T19:21:53Z,There is an issue with waste. Please fix it soon.,Sanitation,Complaint,https://www.youtube.com/watch?v=UdgHlRmCyJ0
Ugw9gCkWIjZSkfH3_Jd4AaABAg,2025-10-31T19:13:55Z,Positive changes seen in garbage. Thanks team.,Sanitation,Feedback,https://www.youtube.com/watch?v=UdgHlRmCyJ0
UgxE17Gkc6U833szJM14AaABAg,2025-10-31T18:05:47Z,Good improvement in ಸೇತುವೆ. Thank you!,Roads & Infrastructure,Feedback,https://www.youtube.com/watch?v=UdgHlRmCyJ0
UgxJJDQ-1R9RQSt2RJV4AaABAg,2025-10-31T17:28:31Z,People are facing trouble due to garbage. ಇದು ತಕ್ಷಣ ಸರಿಪಡಿಸಿ.,Sanitation,Complaint,https://www.youtube.com/watch?v=UdgHlRmCyJ0
UgyoNVLmPzcBarjEX154AaABAg,2025-10-31T16:10:40Z,Great response regarding bridge. ಧನ್ಯವಾದಗಳು!,Roads & Infrastructure,Feedback,https://www.youtube.com/watch?v=UdgHlRmCyJ0
UgytW0beL9RunViMgiR4AaABAg,2025-10-31T15:25:26Z,The condition of garbage needs urgent attention.,Sanitation,Complaint,https://www.youtube.com/watch?v=UdgHlRmCyJ0
UgyyOZRZkqUScoGtC1F4AaABAg,2025-10-31T15:19:41Z,Positive changes seen in waste. Thanks team.,Sanitation,Feedback,https://www.youtube.com/watch?v=UdgHlRmCyJ0
UgymqWyCJM_mlXv3Ikx4AaABAg,2025-10-31T15:05:11Z,Happy with the recent work on ಕಸ. Keep going.,Sanitation,Feedback,https://www.youtube.com/watch?v=UdgHlRmCyJ0
UgyXJC6ItoIk5XaxE1V4AaABAg,2025-10-31T15:01:08Z,The condition of ಬೀದಿ needs urgent attention.,Roads & Infrastructure,Complaint,https://www.youtube.com/watch?v=UdgHlRmCyJ0
UgxYPc4lMEawifDPfld4AaABAg,2025-10-31T14:38:50Z,Good improvement in garbage. Thank you!,Sanitation,Feedback,https://www.youtube.com/watch?v=UdgHlRmCyJ0
UgyN7oPqKuWFNMie1zx4AaABAg,2025-10-31T14:01:21Z,The condition of road needs urgent attention.,Roads & Infrastructure,Complaint,https://www.youtube.com/watch?v=UdgHlRmCyJ0
UgyAWCCKvhmX-OAI8ix4AaABAg,2025-10-31T13:49:24Z,ತ್ಯಾಜ್ಯ service handled very well. Appreciated.,Sanitation,Feedback,https://www.youtube.com/watch?v=UdgHlRmCyJ0
UgzbReL3i-8wIIdEzu94AaABAg,2025-10-31T13:31:26Z,There is an issue with cleaning. Please fix it soon.,Sanitation,Complaint,https://www.youtube.com/watch?v=UdgHlRmCyJ0
Ugwt4bHJt68m69jHS_p4AaABAg,2025-10-31T13:14:42Z,Positive changes seen in waste. Thanks team.,Sanitation,Feedback,https://www.youtube.com/watch?v=UdgHlRmCyJ0
UgwdrbN8oaypMXe129N4AaABAg,2025-10-31T12:44:28Z,People are facing trouble due to street. ಇದು ತಕ್ಷಣ ಸರಿಪಡಿಸಿ.,Roads & Infrastructure,Complaint,https://www.youtube.com/watch?v=UdgHlRmCyJ0
UgxOtJwXOpyfDUL8KcV4AaABAg,2025-10-31T12:23:52Z,The condition of ತ್ಯಾಜ್ಯ needs urgent attention.,Sanitation,Complaint,https://www.youtube.com/watch?v=UdgHlRmCyJ0
UgxYIgxwG7ROFSd_Wnd4AaABAg,2025-10-31T12:14:30Z,Good improvement in street. Thank you!,Roads & Infrastructure,Feedback,https://www.youtube.com/watch?v=UdgHlRmCyJ0
UgyMIw_xzdCqgvuCTr54AaABAg,2025-10-31T11:23:27Z,Good improvement in trash. Thank you!,Sanitation,Feedback,https://www.youtube.com/watch?v=UdgHlRmCyJ0
UgzjwWKYMHQ_7g8i9dF4AaABAg,2025-10-31T11:18:13Z,There is an issue with trash. Please fix it soon.,Sanitation,Complaint,https://www.youtube.com/watch?v=UdgHlRmCyJ0
Ugw41laNP7_7FDBp_MZ4AaABAg,2025-10-31T10:47:00Z,Good improvement in garbage. Thank you!,Sanitation,Feedback,https://www.youtube.com/watch?v=UdgHlRmCyJ0
UgxPhbjaYofad-LZGD94AaABAg,2025-10-31T10:42:40Z,Positive changes seen in ಕಸ. Thanks team.,Sanitation,Feedback,https://www.youtube.com/watch?v=UdgHlRmCyJ0
Ugzszng20kOXpDj61_14AaABAg,2025-10-31T10:05:45Z,Happy with the recent work on bridge. Keep going.,Roads & Infrastructure,Feedback,https://www.youtube.com/watch?v=UdgHlRmCyJ0
UgyWX3Arntmblnj1JbN4AaABAg,2025-10-31T09:59:15Z,People are facing trouble due to bridge. ಇದು ತಕ್ಷಣ ಸರಿಪಡಿಸಿ.,Roads & Infrastructure,Complaint,https://www.youtube.com/watch?v=UdgHlRmCyJ0
UgwTudd9almk5aDwNI94AaABAg,2025-10-31T08:54:52Z,Positive changes seen in pothhole. Thanks team.,Roads & Infrastructure,Feedback,https://www.youtube.com/watch?v=UdgHlRmCyJ0
UgxlU6ASvDQR3TOpuwR4AaABAg,2025-10-31T07:40:30Z,There is an issue with ಕಸ. Please fix it soon.,Sanitation,Complaint,https://www.youtube.com/watch?v=UdgHlRmCyJ0
Ugylkrr9ENfEwplkUWt4AaABAg,2025-10-31T07:19:06Z,There is an issue with ತ್ಯಾಜ್ಯ. Please fix it soon.,Sanitation,Complaint,https://www.youtube.com/watch?v=UdgHlRmCyJ0
UgzGRosJ4qw9uJ1joaB4AaABAg,2025-10-31T05:02:02Z,cleaning has not been working properly. Kindly repair it.,Sanitation,Complaint,https://www.youtube.com/watch?v=UdgHlRmCyJ0
UgyqPzhVWl2G3PSLLjR4AaABAg,2025-10-30T17:57:28Z,ತ್ಯಾಜ್ಯ problem is causing inconvenience. Request quick action.,Sanitation,Complaint,https://www.youtube.com/watch?v=UdgHlRmCyJ0
UgwkBevlqdqshbUafEF4AaABAg,2025-10-30T17:44:33Z,garbage problem is causing inconvenience. Request quick action.,Sanitation,Complaint,https://www.youtube.com/watch?v=UdgHlRmCyJ0
UgzVCdmtMAkaMEliDnl4AaABAg,2025-10-30T16:14:36Z,trash service handled very well. Appreciated.,Sanitation,Feedback,https://www.youtube.com/watch?v=UdgHlRmCyJ0
Ugyzq35XjodrP_o-9lZ4AaABAg,2025-11-23T03:53:21Z,The condition of ಸ್ವಚ್ಛತೆ needs urgent attention.,Sanitation,Complaint,https://www.youtube.com/watch?v=cVOKISVjIyY
UgxgT9LbC1DFWn5S3-F4AaABAg,2025-11-23T03:52:22Z,Good improvement in street. Thank you!,Roads & Infrastructure,Feedback,https://www.youtube.com/watch?v=cVOKISVjIyY
UgxXU7tD1fhHPsVjjZh4AaABAg,2025-11-19T05:17:53Z,The condition of pothhole needs urgent attention.,Roads & Infrastructure,Complaint,https://www.youtube.com/watch?v=cVOKISVjIyY
UgzfRQPATLDm3d5f2sV4AaABAg,2025-11-07T08:50:56Z,Good improvement in ರಸ್ತೆ. Thank you!,Roads & Infrastructure,Feedback,https://www.youtube.com/watch?v=cVOKISVjIyY
Ugwypi4_CcWYJ0Hhli14AaABAg,2025-11-04T14:23:30Z,pothhole has not been working properly. Kindly repair it.,Roads & Infrastructure,Complaint,https://www.youtube.com/watch?v=cVOKISVjIyY
UgyWwPtR66p20MWQKTp4AaABAg,2025-11-04T04:30:00Z,Great response regarding road. ಧನ್ಯವಾದಗಳು!,Roads & Infrastructure,Feedback,https://www.youtube.com/watch?v=cVOKISVjIyY
Ugzm9z_qlup67WCOMk14AaABAg,2025-11-02T18:50:17Z,Great response regarding streetlight. ಧನ್ಯವಾದಗಳು!,Electrical,Feedback,https://www.youtube.com/watch?v=cVOKISVjIyY
UgwkJC5lD_8Nd80BsKx4AaABAg,2025-11-02T07:48:02Z,The condition of ರಸ್ತೆ needs urgent attention.,Roads & Infrastructure,Complaint,https://www.youtube.com/watch?v=cVOKISVjIyY
Ugyod225cNj4d59zfRt4AaABAg,2025-11-01T10:22:38Z,ರಸ್ತೆ problem is causing inconvenience. Request quick action.,Roads & Infrastructure,Complaint,https://www.youtube.com/watch?v=cVOKISVjIyY
UgxNKNcHKWsDfLjHGw14AaABAg,2025-11-01T05:38:23Z,Happy with the recent work on street. Keep going.,Roads & Infrastructure,Feedback,https://www.youtube.com/watch?v=cVOKISVjIyY
UgwO2MhRmxGup56pKNl4AaABAg,2025-10-31T21:55:46Z,ಸೇತುವೆ service handled very well. Appreciated.,Roads & Infrastructure,Feedback,https://www.youtube.com/watch?v=cVOKISVjIyY
Ugx3KPZsDF5FeU50-bt4AaABAg,2025-10-31T18:49:09Z,The condition of ಸ್ವಚ್ಛತೆ needs urgent attention.,Sanitation,Complaint,https://www.youtube.com/watch?v=cVOKISVjIyY
UgxPnRAwmG1BSQqYpMp4AaABAg,2025-10-31T18:45:12Z,There is an issue with garbage. Please fix it soon.,Sanitation,Complaint,https://www.youtube.com/watch?v=cVOKISVjIyY
UgyGEkipanCsZNd9snZ4AaABAg,2025-10-31T16:45:36Z,ಕಸ problem is causing inconvenience. Request quick action.,Sanitation,Complaint,https://www.youtube.com/watch?v=cVOKISVjIyY
Ugz3Ajm-OGJIz6a33n14AaABAg,2025-10-31T12:50:33Z,Positive changes seen in cleaning. Thanks team.,Sanitation,Feedback,https://www.youtube.com/watch?v=cVOKISVjIyY
Ugw5tyWSKHnQDzkO8lZ4AaABAg,2025-10-31T12:38:33Z,ತ್ಯಾಜ್ಯ service handled very well. Appreciated.,Sanitation,Feedback,https://www.youtube.com/watch?v=cVOKISVjIyY
UgwNf_qAeSr2sJQKyvx4AaABAg,2025-10-31T12:25:19Z,Great response regarding ಬೀದಿ. ಧನ್ಯವಾದಗಳು!,Roads & Infrastructure,Feedback,https://www.youtube.com/watch?v=cVOKISVjIyY
UgzxftgqX3CxhB3ZLp14AaABAg,2025-10-31T08:59:52Z,Great response regarding trash. ಧನ್ಯವಾದಗಳು!,Sanitation,Feedback,https://www.youtube.com/watch?v=cVOKISVjIyY
UgxqW4m3NpYMhNm73H54AaABAg,2025-11-13T18:29:12Z,Good improvement in garbage. Thank you!,Sanitation,Feedback,https://www.youtube.com/watch?v=SpiUgmpA8pE
UgwVP8bQI3nmnJ8-juR4AaABAg,2025-11-05T19:30:28Z,Good improvement in drinking. Thank you!,Water Supply,Feedback,https://www.youtube.com/watch?v=SpiUgmpA8pE
UgzjJS4iffH1z4hRZtV4AaABAg,2025-11-03T11:43:07Z,The condition of cleaning needs urgent attention.,Sanitation,Complaint,https://www.youtube.com/watch?v=SpiUgmpA8pE
UgwCoAQltPiPHGE3dft4AaABAg,2025-11-02T17:23:11Z,Positive changes seen in road. Thanks team.,Roads & Infrastructure,Feedback,https://www.youtube.com/watch?v=SpiUgmpA8pE
UgxFXwspMoPDRHeQ0KB4AaABAg,2025-11-02T16:35:30Z,Great response regarding garbage. ಧನ್ಯವಾದಗಳು!,Sanitation,Feedback,https://www.youtube.com/watch?v=SpiUgmpA8pE
UgzHMjlOldEiM8H2a6N4AaABAg,2025-11-02T16:00:17Z,Happy with the recent work on ನೀರು. Keep going.,Water Supply,Feedback,https://www.youtube.com/watch?v=SpiUgmpA8pE
UgwVkfYIO8RghtmHvEB4AaABAg,2025-11-02T10:41:24Z,Great response regarding cleaning. ಧನ್ಯವಾದಗಳು!,Sanitation,Feedback,https://www.youtube.com/watch?v=SpiUgmpA8pE
UgxeF9DxsL1b3a2tFIl4AaABAg,2025-11-02T09:36:18Z,ಕಸ service handled very well. Appreciated.,Sanitation,Feedback,https://www.youtube.com/watch?v=SpiUgmpA8pE
UgxACmPdH6DnKlcNTaF4AaABAg,2025-11-01T14:05:52Z,There is an issue with cleaning. Please fix it soon.,Sanitation,Complaint,https://www.youtube.com/watch?v=SpiUgmpA8pE
UgxrnIehpHi8Im05T7p4AaABAg,2025-11-01T12:49:50Z,road service handled very well. Appreciated.,Roads & Infrastructure,Feedback,https://www.youtube.com/watch?v=SpiUgmpA8pE
UgxQDAQDUUat4ofi2Tl4AaABAg,2025-11-01T08:53:39Z,Happy with the recent work on ಬೀದಿ. Keep going.,Roads & Infrastructure,Feedback,https://www.youtube.com/watch?v=SpiUgmpA8pE
UgxQIy1teQ_dfI6gBHN4AaABAg,2025-11-01T05:02:39Z,road service handled very well. Appreciated.,Roads & Infrastructure,Feedback,https://www.youtube.com/watch?v=SpiUgmpA8pE
UgyGGEEzqNaR23K-2954AaABAg,2025-10-31T19:32:09Z,Good improvement in bridge. Thank you!,Roads & Infrastructure,Feedback,https://www.youtube.com/watch?v=SpiUgmpA8pE
UgxjrYVx8HN3MB534WZ4AaABAg,2025-10-31T16:26:18Z,Great response regarding pothhole. ಧನ್ಯವಾದಗಳು!,Roads & Infrastructure,Feedback,https://www.youtube.com/watch?v=SpiUgmpA8pE
UgyNaD4QKHPctCeaez14AaABAg,2025-10-31T15:30:42Z,ತ್ಯಾಜ್ಯ has not been working properly. Kindly repair it.,Sanitation,Complaint,https://www.youtube.com/watch?v=SpiUgmpA8pE
Ugy3f_P01D3TQvML38J4AaABAg,2025-10-31T14:43:43Z,Happy with the recent work on ತ್ಯಾಜ್ಯ. Keep going.,Sanitation,Feedback,https://www.youtube.com/watch?v=SpiUgmpA8pE
UgwpIwWotr-EgXNYGkN4AaABAg,2025-10-31T14:26:05Z,Great response regarding pothhole. ಧನ್ಯವಾದಗಳು!,Roads & Infrastructure,Feedback,https://www.youtube.com/watch?v=SpiUgmpA8pE
UgzjmfufHorhkJTifjp4AaABAg,2025-10-31T12:50:30Z,Positive changes seen in street. Thanks team.,Roads & Infrastructure,Feedback,https://www.youtube.com/watch?v=SpiUgmpA8pE
UgzGp54XOj2wTAiDhz14AaABAg,2025-10-31T12:17:35Z,Positive changes seen in ಸೇತುವೆ. Thanks team.,Roads & Infrastructure,Feedback,https://www.youtube.com/watch?v=SpiUgmpA8pE
Ugw_cdxYUEP2N3GR9PZ4AaABAg,2025-10-31T11:46:03Z,The condition of trash needs urgent attention.,Sanitation,Complaint,https://www.youtube.com/watch?v=SpiUgmpA8pE
Ugz-uHfQ1xTIAFEpFxF4AaABAg,2025-10-31T10:46:08Z,Great response regarding ಸ್ವಚ್ಛತೆ. ಧನ್ಯವಾದಗಳು!,Sanitation,Feedback,https://www.youtube.com/watch?v=SpiUgmpA8pE
UgwPxNFbCNJT7Kt7GhF4AaABAg,2025-10-31T09:34:37Z,Positive changes seen in ರಸ್ತೆ. Thanks team.,Roads & Infrastructure,Feedback,https://www.youtube.com/watch?v=SpiUgmpA8pE
UgxnMUDDwKi_XG93aVV4AaABAg,2025-10-31T08:58:48Z,Great response regarding pothhole. ಧನ್ಯವಾದಗಳು!,Roads & Infrastructure,Feedback,https://www.youtube.com/watch?v=SpiUgmpA8pE
UgxUt4PaUiLutYsmXBh4AaABAg,2025-10-31T07:07:48Z,Good improvement in ಸ್ವಚ್ಛತೆ. Thank you!,Sanitation,Feedback,https://www.youtube.com/watch?v=SpiUgmpA8pE
UgwdwfsidXhxMXjMzOt4AaABAg,2025-10-31T05:19:08Z,Positive changes seen in trash. Thanks team.,Sanitation,Feedback,https://www.youtube.com/watch?v=SpiUgmpA8pE
UgyjNHl4_vI3Jifjfvl4AaABAg,2025-11-24T05:18:37Z,waste service handled very well. Appreciated.,Sanitation,Feedback,https://www.youtube.com/watch?v=tS-25x4nZ0g
UgxWKUga89B7_M0aPfN4AaABAg,2025-11-22T16:37:02Z,ಸೇತುವೆ service handled very well. Appreciated.,Roads & Infrastructure,Feedback,https://www.youtube.com/watch?v=tS-25x4nZ0g
UgyZ4vw0NLS-AeMd0MJ4AaABAg,2025-11-15T02:38:23Z,Great response regarding ರಸ್ತೆ. ಧನ್ಯವಾದಗಳು!,Roads & Infrastructure,Feedback,https://www.youtube.com/watch?v=tS-25x4nZ0g
Ugx_KIwcqxps7dxVrrF4AaABAg,2025-11-13T13:17:33Z,bridge problem is causing inconvenience. Request quick action.,Roads & Infrastructure,Complaint,https://www.youtube.com/watch?v=tS-25x4nZ0g
Ugx45aZlMaRbMDSh-st4AaABAg,2025-11-13T03:36:30Z,There is an issue with cleaning. Please fix it soon.,Sanitation,Complaint,https://www.youtube.com/watch?v=tS-25x4nZ0g
UgwgU4EBfLwni3Dx9IB4AaABAg,2025-11-08T04:15:04Z,There is an issue with ತ್ಯಾಜ್ಯ. Please fix it soon.,Sanitation,Complaint,https://www.youtube.com/watch?v=tS-25x4nZ0g
UgzgpHEubnP_U97h17B4AaABAg,2025-10-30T12:25:36Z,Great response regarding ಸೇತುವೆ. ಧನ್ಯವಾದಗಳು!,Roads & Infrastructure,Feedback,https://www.youtube.com/watch?v=tS-25x4nZ0g
Ugzxgw3iDyyA7Yev2Sl4AaABAg,2025-10-28T04:29:04Z,trash service handled very well. Appreciated.,Sanitation,Feedback,https://www.youtube.com/watch?v=tS-25x4nZ0g
UgzoHROxeCmqZW_JJHh4AaABAg,2025-10-20T07:47:18Z,Great response regarding ತ್ಯಾಜ್ಯ. ಧನ್ಯವಾದಗಳು!,Sanitation,Feedback,https://www.youtube.com/watch?v=tS-25x4nZ0g
UgxUq44MFFSzpEKmykZ4AaABAg,2025-10-20T07:44:07Z,pothhole problem is causing inconvenience. Request quick action.,Roads & Infrastructure,Complaint,https://www.youtube.com/watch?v=tS-25x4nZ0g
Ugxg3ofHmmt58kEuiv14AaABAg,2025-10-11T14:12:54Z,ಸ್ವಚ್ಛತೆ problem is causing inconvenience. Request quick action.,Sanitation,Complaint,https://www.youtube.com/watch?v=tS-25x4nZ0g
UgxHTOb2iozP2XPUOQF4AaABAg,2025-09-25T14:08:49Z,cleaning has not been working properly. Kindly repair it.,Sanitation,Complaint,https://www.youtube.com/watch?v=tS-25x4nZ0g
Ugz81NIj_pUjd6t9Bqd4AaABAg,2025-09-25T07:58:08Z,Happy with the recent work on ಬೀದಿ. Keep going.,Roads & Infrastructure,Feedback,https://www.youtube.com/watch?v=tS-25x4nZ0g
Ugw3vIBrgE1AWUvcl6l4AaABAg,2025-09-22T11:28:56Z,Happy with the recent work on waste. Keep going.,Sanitation,Feedback,https://www.youtube.com/watch?v=tS-25x4nZ0g
UgzgAnagevXilWEjGMV4AaABAg,2025-09-18T14:32:46Z,Good improvement in ರಸ್ತೆ. Thank you!,Roads & Infrastructure,Feedback,https://www.youtube.com/watch?v=tS-25x4nZ0g
Ugx4vWOJ5vk0WhqeBGB4AaABAg,2025-09-06T11:36:51Z,There is an issue with pothhole. Please fix it soon.,Roads & Infrastructure,Complaint,https://www.youtube.com/watch?v=tS-25x4nZ0g
UgzTWmdXaMqYEkx_F0Z4AaABAg,2025-08-23T06:23:51Z,People are facing trouble due to ಸ್ವಚ್ಛತೆ. ಇದು ತಕ್ಷಣ ಸರಿಪಡಿಸಿ.,Sanitation,Complaint,https://www.youtube.com/watch?v=tS-25x4nZ0g
UgzfTbOiATdOHSN0mSZ4AaABAg,2025-08-22T13:10:57Z,People are facing trouble due to ಕಸ. ಇದು ತಕ್ಷಣ ಸರಿಪಡಿಸಿ.,Sanitation,Complaint,https://www.youtube.com/watch?v=tS-25x4nZ0g
Ugz0eVbYgX6utQt1BTJ4AaABAg,2025-08-16T04:33:37Z,People are facing trouble due to ಸ್ವಚ್ಛತೆ. ಇದು ತಕ್ಷಣ ಸರಿಪಡಿಸಿ.,Sanitation,Complaint,https://www.youtube.com/watch?v=tS-25x4nZ0g
UgyBiyJ0Pzz0qUCppsF4AaABAg,2025-08-11T18:08:49Z,Positive changes seen in trash. Thanks team.,Sanitation,Feedback,https://www.youtube.com/watch?v=tS-25x4nZ0g
UgyobJFkotqzaGXJ6IB4AaABAg,2025-08-08T20:01:36Z,Happy with the recent work on ತ್ಯಾಜ್ಯ. Keep going.,Sanitation,Feedback,https://www.youtube.com/watch?v=tS-25x4nZ0g
UgwLv2LiuYNpbyRzm-94AaABAg,2025-08-05T16:30:45Z,waste service handled very well. Appreciated.,Sanitation,Feedback,https://www.youtube.com/watch?v=tS-25x4nZ0g
UgzM8dj78YK11O2Qm394AaABAg,2025-07-30T15:26:23Z,ಕಸ has not been working properly. Kindly repair it.,Sanitation,Complaint,https://www.youtube.com/watch?v=tS-25x4nZ0g
Ugy7BzKGuNZ5l41Urjl4AaABAg,2025-07-30T14:26:05Z,cleaning problem is causing inconvenience. Request quick action.,Sanitation,Complaint,https://www.youtube.com/watch?v=tS-25x4nZ0g
UgydCKzMiYO2fxuYAHN4AaABAg,2025-07-30T04:28:25Z,trash has not been working properly. Kindly repair it.,Sanitation,Complaint,https://www.youtube.com/watch?v=tS-25x4nZ0g
UgyNfryIVg2YEIQ7A0F4AaABAg,2025-07-28T15:03:52Z,People are facing trouble due to trash. ಇದು ತಕ್ಷಣ ಸರಿಪಡಿಸಿ.,Sanitation,Complaint,https://www.youtube.com/watch?v=tS-25x4nZ0g
UgzUouLUdh-B6HbZJuF4AaABAg,2025-07-27T10:43:47Z,There is an issue with street. Please fix it soon.,Roads & Infrastructure,Complaint,https://www.youtube.com/watch?v=tS-25x4nZ0g
UgxeZYg4VkhI2ToeDVl4AaABAg,2025-07-27T10:42:07Z,There is an issue with ಕಸ. Please fix it soon.,Sanitation,Complaint,https://www.youtube.com/watch?v=tS-25x4nZ0g
UgwbSpTK_rCeaE4pRuJ4AaABAg,2025-07-26T19:22:44Z,ಕಸ service handled very well. Appreciated.,Sanitation,Feedback,https://www.youtube.com/watch?v=tS-25x4nZ0g
UgxgBsLxvZr_ZZXLuqd4AaABAg,2025-07-26T18:17:31Z,Positive changes seen in trash. Thanks team.,Sanitation,Feedback,https://www.youtube.com/watch?v=tS-25x4nZ0g
Ugw-1L_w-iLrdsk0Bil4AaABAg,2025-07-24T17:44:11Z,Happy with the recent work on road. Keep going.,Roads & Infrastructure,Feedback,https://www.youtube.com/watch?v=tS-25x4nZ0g
UgzL-YWfJFjY8lqL6Ed4AaABAg,2025-07-22T07:02:03Z,The condition of ಸೊಳ್ಳೆ needs urgent attention.,Health & Environment,Complaint,https://www.youtube.com/watch?v=tS-25x4nZ0g
Ugwa_LikOyMhvC97kmN4AaABAg,2025-07-22T02:37:09Z,People are facing trouble due to cleaning. ಇದು ತಕ್ಷಣ ಸರಿಪಡಿಸಿ.,Sanitation,Complaint,https://www.youtube.com/watch?v=tS-25x4nZ0g
Ugz7OShexYHWa1jv5HJ4AaABAg,2025-07-19T02:56:18Z,Great response regarding power. ಧನ್ಯವಾದಗಳು!,Electrical,Feedback,https://www.youtube.com/watch?v=tS-25x4nZ0g
UgymMRjb58RYLM13fGd4AaABAg,2025-07-16T11:08:08Z,People are facing trouble due to trash. ಇದು ತಕ್ಷಣ ಸರಿಪಡಿಸಿ.,Sanitation,Complaint,https://www.youtube.com/watch?v=tS-25x4nZ0g
UgwBHyyRMbFGSWKNfqJ4AaABAg,2025-07-16T06:59:05Z,Happy with the recent work on bridge. Keep going.,Roads & Infrastructure,Feedback,https://www.youtube.com/watch?v=tS-25x4nZ0g
UgwFj2FXd29ptvxle6J4AaABAg,2025-07-13T02:07:16Z,People are facing trouble due to trash. ಇದು ತಕ್ಷಣ ಸರಿಪಡಿಸಿ.,Sanitation,Complaint,https://www.youtube.com/watch?v=tS-25x4nZ0g
UgzmMRJK3ZsGIa6BnyZ4AaABAg,2025-07-11T12:10:52Z,ಸ್ವಚ್ಛತೆ problem is causing inconvenience. Request quick action.,Sanitation,Complaint,https://www.youtube.com/watch?v=tS-25x4nZ0g
Ugyf_TWm0ALPqwZrZxt4AaABAg,2025-07-09T16:36:32Z,waste problem is causing inconvenience. Request quick action.,Sanitation,Complaint,https://www.youtube.com/watch?v=tS-25x4nZ0g
UgzYrg01AOF-zTmrmrF4AaABAg,2025-07-09T10:11:35Z,The condition of ಸ್ವಚ್ಛತೆ needs urgent attention.,Sanitation,Complaint,https://www.youtube.com/watch?v=tS-25x4nZ0g
UgyKnHPntg5pc2pJx0V4AaABAg,2025-07-07T11:00:58Z,Happy with the recent work on trash. Keep going.,Sanitation,Feedback,https://www.youtube.com/watch?v=tS-25x4nZ0g
UgyPrALG5F1-AEL1bTh4AaABAg,2025-07-06T07:17:08Z,There is an issue with road. Please fix it soon.,Roads & Infrastructure,Complaint,https://www.youtube.com/watch?v=tS-25x4nZ0g
UgyL6upnm99ic6Vpp4t4AaABAg,2025-07-05T13:23:42Z,Happy with the recent work on road. Keep going.,Roads & Infrastructure,Feedback,https://www.youtube.com/watch?v=tS-25x4nZ0g
Ugx6OS6boaC9D4p4R3B4AaABAg,2025-07-05T08:37:18Z,The condition of ಬೀದಿ needs urgent attention.,Roads & Infrastructure,Complaint,https://www.youtube.com/watch?v=tS-25x4nZ0g
UgzBCTdYyVe3ol0APul4AaABAg,2025-07-05T05:42:27Z,Great response regarding trash. ಧನ್ಯವಾದಗಳು!,Sanitation,Feedback,https://www.youtube.com/watch?v=tS-25x4nZ0g
UgyjaVi8QLRv5WTkWup4AaABAg,2025-07-03T09:31:24Z,Great response regarding waste. ಧನ್ಯವಾದಗಳು!,Sanitation,Feedback,https://www.youtube.com/watch?v=tS-25x4nZ0g
UgwnAvcm7E5WSfwgOzZ4AaABAg,2025-07-02T06:18:44Z,waste problem is causing inconvenience. Request quick action.,Sanitation,Complaint,https://www.youtube.com/watch?v=tS-25x4nZ0g
UgxIEkwUKOYCDaPEHoJ4AaABAg,2025-07-01T09:00:35Z,trash has not been working properly. Kindly repair it.,Sanitation,Complaint,https://www.youtube.com/watch?v=tS-25x4nZ0g
UgxRO1xemb74BzjjLf94AaABAg,2025-06-30T07:39:55Z,Positive changes seen in trash. Thanks team.,Sanitation,Feedback,https://www.youtube.com/watch?v=tS-25x4nZ0g
Ugy_etGkN19jrCG8C2B4AaABAg,2025-06-30T07:38:42Z,People are facing trouble due to ಸ್ವಚ್ಛತೆ. ಇದು ತಕ್ಷಣ ಸರಿಪಡಿಸಿ.,Sanitation,Complaint,https://www.youtube.com/watch?v=tS-25x4nZ0g
UgzIUQ7vyjqq2330B5N4AaABAg,2025-06-29T13:10:32Z,The condition of waste needs urgent attention.,Sanitation,Complaint,https://www.youtube.com/watch?v=tS-25x4nZ0g
UgxeSvZgwNenFa0i-ph4AaABAg,2025-06-29T12:20:54Z,pothhole problem is causing inconvenience. Request quick action.,Roads & Infrastructure,Complaint,https://www.youtube.com/watch?v=tS-25x4nZ0g
UgxVeC-JH8mT3j6WphF4AaABAg,2025-06-28T05:34:16Z,Positive changes seen in ಆರೋಗ್ಯ. Thanks team.,Health & Environment,Feedback,https://www.youtube.com/watch?v=tS-25x4nZ0g
UgyTQu6w81t3MAE-CER4AaABAg,2025-06-26T19:20:33Z,ರಸ್ತೆ problem is causing inconvenience. Request quick action.,Roads & Infrastructure,Complaint,https://www.youtube.com/watch?v=tS-25x4nZ0g
UgzaNXyeSGNePcPZzAh4AaABAg,2025-06-26T17:10:18Z,The condition of bridge needs urgent attention.,Roads & Infrastructure,Complaint,https://www.youtube.com/watch?v=tS-25x4nZ0g
UgwCatbTRnbN2UY8NH14AaABAg,2025-06-26T09:37:10Z,ತ್ಯಾಜ್ಯ problem is causing inconvenience. Request quick action.,Sanitation,Complaint,https://www.youtube.com/watch?v=tS-25x4nZ0g
Ugwe-jrLAeS_FeNCDS54AaABAg,2025-06-26T04:57:58Z,Happy with the recent work on waste. Keep going.,Sanitation,Feedback,https://www.youtube.com/watch?v=tS-25x4nZ0g
UgzGc8qolJSzcpCekQZ4AaABAg,2025-06-24T01:15:58Z,ಕಸ service handled very well. Appreciated.,Sanitation,Feedback,https://www.youtube.com/watch?v=tS-25x4nZ0g
Ugxaegs--9lT_peoJ6t4AaABAg,2025-06-23T02:41:03Z,People are facing trouble due to ಸ್ವಚ್ಛತೆ. ಇದು ತಕ್ಷಣ ಸರಿಪಡಿಸಿ.,Sanitation,Complaint,https://www.youtube.com/watch?v=tS-25x4nZ0g
UgzrHEiOiKC0qMuz_8Z4AaABAg,2025-06-22T10:16:23Z,bill has not been working properly. Kindly repair it.,Revenue/Tax,Complaint,https://www.youtube.com/watch?v=tS-25x4nZ0g
Ugwa04oguxsYUAFOSUx4AaABAg,2025-06-21T08:55:04Z,ರಸ್ತೆ has not been working properly. Kindly repair it.,Roads & Infrastructure,Complaint,https://www.youtube.com/watch?v=tS-25x4nZ0g
UgySbFExcmc72v--8Gd4AaABAg,2025-06-21T04:04:23Z,ಸೇತುವೆ service handled very well. Appreciated.,Roads & Infrastructure,Feedback,https://www.youtube.com/watch?v=tS-25x4nZ0g
Ugx8Wx1mILNoeEl2iiB4AaABAg,2025-06-21T04:02:58Z,Good improvement in ರಸ್ತೆ. Thank you!,Roads & Infrastructure,Feedback,https://www.youtube.com/watch?v=tS-25x4nZ0g
UgwfPDuQa04O5AFh9Ep4AaABAg,2025-06-20T04:13:27Z,The condition of trash needs urgent attention.,Sanitation,Complaint,https://www.youtube.com/watch?v=tS-25x4nZ0g
UgxQXJQ4WsrohJNCDoZ4AaABAg,2025-06-19T14:06:39Z,Good improvement in ರಸ್ತೆ. Thank you!,Roads & Infrastructure,Feedback,https://www.youtube.com/watch?v=tS-25x4nZ0g
UgyUeu4CqdPxi8DgvVx4AaABAg,2025-06-19T00:03:37Z,trash service handled very well. Appreciated.,Sanitation,Feedback,https://www.youtube.com/watch?v=tS-25x4nZ0g
UgysvFoxkXYaLi3xqRJ4AaABAg,2025-06-18T16:32:19Z,Happy with the recent work on ಸ್ವಚ್ಛತೆ. Keep going.,Sanitation,Feedback,https://www.youtube.com/watch?v=tS-25x4nZ0g
UgwVyiOjmUhgd76awqt4AaABAg,2025-06-18T16:31:20Z,Great response regarding trash. ಧನ್ಯವಾದಗಳು!,Sanitation,Feedback,https://www.youtube.com/watch?v=tS-25x4nZ0g
Ugwv3wRmFNzacMexS_14AaABAg,2025-06-18T10:25:38Z,Great response regarding garbage. ಧನ್ಯವಾದಗಳು!,Sanitation,Feedback,https://www.youtube.com/watch?v=tS-25x4nZ0g
Ugy20tlYosLiw01eGX94AaABAg,2025-06-16T14:08:20Z,Great response regarding ಕಸ. ಧನ್ಯವಾದಗಳು!,Sanitation,Feedback,https://www.youtube.com/watch?v=tS-25x4nZ0g
UgxopU2p9ux8PnH1xN14AaABAg,2025-06-12T22:10:34Z,Good improvement in trash. Thank you!,Sanitation,Feedback,https://www.youtube.com/watch?v=tS-25x4nZ0g
UgwlVFy0aBqgwAlMsL54AaABAg,2025-06-06T14:05:00Z,road service handled very well. Appreciated.,Roads & Infrastructure,Feedback,https://www.youtube.com/watch?v=tS-25x4nZ0g
UgwlmrfI8fTb_z9yCyx4AaABAg,2025-06-06T13:58:05Z,garbage has not been working properly. Kindly repair it.,Sanitation,Complaint,https://www.youtube.com/watch?v=tS-25x4nZ0g
UgxASHhzlUi-TOI4y2N4AaABAg,2025-06-06T13:48:05Z,Positive changes seen in ಸ್ವಚ್ಛತೆ. Thanks team.,Sanitation,Feedback,https://www.youtube.com/watch?v=tS-25x4nZ0g
UgwlRY16hCl_aEZdJuN4AaABAg,2025-06-06T07:10:12Z,People are facing trouble due to street. ಇದು ತಕ್ಷಣ ಸರಿಪಡಿಸಿ.,Roads & Infrastructure,Complaint,https://www.youtube.com/watch?v=tS-25x4nZ0g
UgwaALSjBYkZ_twgY5J4AaABAg,2025-06-06T04:10:51Z,Great response regarding waste. ಧನ್ಯವಾದಗಳು!,Sanitation,Feedback,https://www.youtube.com/watch?v=tS-25x4nZ0g
UgxWT59NMjUvRhoprKd4AaABAg,2025-06-05T06:46:11Z,People are facing trouble due to ಸ್ವಚ್ಛತೆ. ಇದು ತಕ್ಷಣ ಸರಿಪಡಿಸಿ.,Sanitation,Complaint,https://www.youtube.com/watch?v=tS-25x4nZ0g
Ugy28W4KOE0Cw9QIHfh4AaABAg,2025-06-04T04:01:09Z,Great response regarding trash. ಧನ್ಯವಾದಗಳು!,Sanitation,Feedback,https://www.youtube.com/watch?v=tS-25x4nZ0g
UgxyyoO57BjJwDVk9eZ4AaABAg,2025-06-03T04:35:38Z,Positive changes seen in trash. Thanks team.,Sanitation,Feedback,https://www.youtube.com/watch?v=tS-25x4nZ0g
UgyYXDkdj9XiqHYK1St4AaABAg,2025-06-03T01:29:53Z,Happy with the recent work on waste. Keep going.,Sanitation,Feedback,https://www.youtube.com/watch?v=tS-25x4nZ0g
UgyIFlj4w_2qqTtlkxh4AaABAg,2025-06-02T16:07:19Z,trash problem is causing inconvenience. Request quick action.,Sanitation,Complaint,https://www.youtube.com/watch?v=tS-25x4nZ0g
Ugw8iyR4vlAYRao6jA14AaABAg,2025-06-01T00:42:17Z,People are facing trouble due to cleaning. ಇದು ತಕ್ಷಣ ಸರಿಪಡಿಸಿ.,Sanitation,Complaint,https://www.youtube.com/watch?v=tS-25x4nZ0g
UgxcZ_eR7WEeDHksXch4AaABAg,2025-05-31T06:49:01Z,There is an issue with street. Please fix it soon.,Roads & Infrastructure,Complaint,https://www.youtube.com/watch?v=tS-25x4nZ0g
Ugwgnhwi_GeqtCd6qhp4AaABAg,2025-05-30T07:03:27Z,The condition of road needs urgent attention.,Roads & Infrastructure,Complaint,https://www.youtube.com/watch?v=tS-25x4nZ0g
Ugx7mPflIz1C0dnPBQx4AaABAg,2025-05-29T19:15:08Z,ವಿದ್ಯುತ್ has not been working properly. Kindly repair it.,Electrical,Complaint,https://www.youtube.com/watch?v=tS-25x4nZ0g
Ugxwx1OYDHW1xsCvgvp4AaABAg,2025-05-29T08:27:05Z,Positive changes seen in ಸ್ವಚ್ಛತೆ. Thanks team.,Sanitation,Feedback,https://www.youtube.com/watch?v=tS-25x4nZ0g
Ugx7Eq14mpq7zuyMFyd4AaABAg,2025-05-29T03:36:43Z,The condition of ಸ್ವಚ್ಛತೆ needs urgent attention.,Sanitation,Complaint,https://www.youtube.com/watch?v=tS-25x4nZ0g
UgyNY42qIYzOmakbBGF4AaABAg,2025-05-29T01:01:18Z,Happy with the recent work on cleaning. Keep going.,Sanitation,Feedback,https://www.youtube.com/watch?v=tS-25x4nZ0g
Ugwf4KAHXHKN6MRWk8d4AaABAg,2025-05-28T17:59:47Z,Great response regarding garbage. ಧನ್ಯವಾದಗಳು!,Sanitation,Feedback,https://www.youtube.com/watch?v=tS-25x4nZ0g
UgzpWiDzUtt0lBndqCR4AaABAg,2025-05-28T13:13:25Z,Great response regarding road. ಧನ್ಯವಾದಗಳು!,Roads & Infrastructure,Feedback,https://www.youtube.com/watch?v=tS-25x4nZ0g
UgzYbHEWUxQPLFGo5td4AaABAg,2025-05-28T13:09:44Z,Great response regarding ಕಸ. ಧನ್ಯವಾದಗಳು!,Sanitation,Feedback,https://www.youtube.com/watch?v=tS-25x4nZ0g
UgyAF066GjFUkLAJN394AaABAg,2025-05-28T08:12:14Z,Positive changes seen in road. Thanks team.,Roads & Infrastructure,Feedback,https://www.youtube.com/watch?v=tS-25x4nZ0g
UgzuZN67q_bDrwu4l5Z4AaABAg,2025-05-28T05:16:54Z,cleaning service handled very well. Appreciated.,Sanitation,Feedback,https://www.youtube.com/watch?v=tS-25x4nZ0g
Ugwo9XigsOOz31wOGdR4AaABAg,2025-05-28T04:30:49Z,People are facing trouble due to street. ಇದು ತಕ್ಷಣ ಸರಿಪಡಿಸಿ.,Roads & Infrastructure,Complaint,https://www.youtube.com/watch?v=tS-25x4nZ0g
Ugw0bVcABhQSGxQKXGR4AaABAg,2025-05-28T03:30:58Z,Positive changes seen in trash. Thanks team.,Sanitation,Feedback,https://www.youtube.com/watch?v=tS-25x4nZ0g
UgxqOfc4RZEXVM5nsS54AaABAg,2025-05-28T02:49:56Z,People are facing trouble due to ಕಸ. ಇದು ತಕ್ಷಣ ಸರಿಪಡಿಸಿ.,Sanitation,Complaint,https://www.youtube.com/watch?v=tS-25x4nZ0g
UgzT_sdNdNHSrDcd4Dx4AaABAg,2025-05-27T06:20:30Z,There is an issue with ಕಸ. Please fix it soon.,Sanitation,Complaint,https://www.youtube.com/watch?v=tS-25x4nZ0g
Ugxmls9dyAXbL3TTrgF4AaABAg,2025-05-27T05:00:19Z,Happy with the recent work on ರಸ್ತೆ. Keep going.,Roads & Infrastructure,Feedback,https://www.youtube.com/watch?v=tS-25x4nZ0g
Ugz70CFd4jMtoBI3y0p4AaABAg,2025-05-27T01:39:21Z,Happy with the recent work on bridge. Keep going.,Roads & Infrastructure,Feedback,https://www.youtube.com/watch?v=tS-25x4nZ0g
UgzyDH2fYk_z_K2EONl4AaABAg,2025-05-27T01:33:28Z,Good improvement in trash. Thank you!,Sanitation,Feedback,https://www.youtube.com/watch?v=tS-25x4nZ0g
UgzPhCBGADCsWVgjor94AaABAg,2025-05-26T18:37:37Z,ಕಸ service handled very well. Appreciated.,Sanitation,Feedback,https://www.youtube.com/watch?v=tS-25x4nZ0g
UgxamzU-yvQ5iGGLK6p4AaABAg,2025-05-26T12:34:49Z,Happy with the recent work on waste. Keep going.,Sanitation,Feedback,https://www.youtube.com/watch?v=tS-25x4nZ0g
Ugx9aAvVgucGwMEPYdJ4AaABAg,2025-05-26T10:56:18Z,The condition of ನೀರು needs urgent attention.,Water Supply,Complaint,https://www.youtube.com/watch?v=tS-25x4nZ0g
Ugxz1v1ig_0kl1Q9qJd4AaABAg,2025-05-26T10:42:07Z,garbage problem is causing inconvenience. Request quick action.,Sanitation,Complaint,https://www.youtube.com/watch?v=tS-25x4nZ0g
Ugz1KImCwLYwUP4RH114AaABAg,2025-05-26T08:00:56Z,The condition of garbage needs urgent attention.,Sanitation,Complaint,https://www.youtube.com/watch?v=tS-25x4nZ0g
Ugx4OztegX5IKY3wtOx4AaABAg,2025-05-26T04:57:32Z,There is an issue with trash. Please fix it soon.,Sanitation,Complaint,https://www.youtube.com/watch?v=tS-25x4nZ0g
UgzTyKjxLF-Af_WCKXR4AaABAg,2025-05-26T03:21:57Z,cleaning service handled very well. Appreciated.,Sanitation,Feedback,https://www.youtube.com/watch?v=tS-25x4nZ0g
Ugwiv55qsMQL1hyd5XV4AaABAg,2025-05-26T02:37:46Z,trash service handled very well. Appreciated.,Sanitation,Feedback,https://www.youtube.com/watch?v=tS-25x4nZ0g
UgxTZqqjSCFUv8vn0Ed4AaABAg,2025-05-26T01:57:28Z,road problem is causing inconvenience. Request quick action.,Roads & Infrastructure,Complaint,https://www.youtube.com/watch?v=tS-25x4nZ0g
UgxQpG_EuITooD-B_id4AaABAg,2025-05-26T01:05:37Z,ಸ್ವಚ್ಛತೆ service handled very well. Appreciated.,Sanitation,Feedback,https://www.youtube.com/watch?v=tS-25x4nZ0g
UgzSIbQUfvIW8tO5b8B4AaABAg,2025-05-25T23:49:28Z,ಕಸ service handled very well. Appreciated.,Sanitation,Feedback,https://www.youtube.com/watch?v=tS-25x4nZ0g
UgzrDP8aaHiJsS83JVt4AaABAg,2025-05-25T19:44:00Z,Good improvement in street. Thank you!,Roads & Infrastructure,Feedback,https://www.youtube.com/watch?v=tS-25x4nZ0g
Ugz1cVAzx8U0PmEu1Wx4AaABAg,2025-05-25T16:17:42Z,Good improvement in pothhole. Thank you!,Roads & Infrastructure,Feedback,https://www.youtube.com/watch?v=tS-25x4nZ0g
UgyOt-zWKYgNi8gxF8d4AaABAg,2025-05-25T11:18:07Z,ಕಸ problem is causing inconvenience. Request quick action.,Sanitation,Complaint,https://www.youtube.com/watch?v=tS-25x4nZ0g
Ugym36ISVHFze7V0ZtB4AaABAg,2025-05-25T04:04:55Z,Great response regarding ರಸ್ತೆ. ಧನ್ಯವಾದಗಳು!,Roads & Infrastructure,Feedback,https://www.youtube.com/watch?v=tS-25x4nZ0g
UgxaSbr5ApgFtUGd6S14AaABAg,2025-05-25T01:27:47Z,The condition of ಸೇತುವೆ needs urgent attention.,Roads & Infrastructure,Complaint,https://www.youtube.com/watch?v=tS-25x4nZ0g
UgyToBeffbPy_RdEC5t4AaABAg,2025-05-24T21:47:26Z,People are facing trouble due to ಸ್ವಚ್ಛತೆ. ಇದು ತಕ್ಷಣ ಸರಿಪಡಿಸಿ.,Sanitation,Complaint,https://www.youtube.com/watch?v=tS-25x4nZ0g
Ugy3FWMKs2NMVp3A9pR4AaABAg,2025-05-24T19:13:40Z,The condition of trash needs urgent attention.,Sanitation,Complaint,https://www.youtube.com/watch?v=tS-25x4nZ0g
Ugx6vEcNMPRKJ4Ui5tx4AaABAg,2025-05-24T06:21:42Z,The condition of ಸ್ವಚ್ಛತೆ needs urgent attention.,Sanitation,Complaint,https://www.youtube.com/watch?v=tS-25x4nZ0g
UgwcuyWFKksf-CxpuOR4AaABAg,2025-05-24T05:24:00Z,pothhole has not been working properly. Kindly repair it.,Roads & Infrastructure,Complaint,https://www.youtube.com/watch?v=tS-25x4nZ0g
Ugzqt4-05w-y4DF7jHB4AaABAg,2025-05-24T04:31:03Z,Great response regarding street. ಧನ್ಯವಾದಗಳು!,Roads & Infrastructure,Feedback,https://www.youtube.com/watch?v=tS-25x4nZ0g
Ugw1rMiSJUK_R5IDrSp4AaABAg,2025-05-23T18:45:45Z,ಕಸ problem is causing inconvenience. Request quick action.,Sanitation,Complaint,https://www.youtube.com/watch?v=tS-25x4nZ0g
UgzMjzd_M2civHxMHrl4AaABAg,2025-05-23T12:11:03Z,Great response regarding ಸ್ವಚ್ಛತೆ. ಧನ್ಯವಾದಗಳು!,Sanitation,Feedback,https://www.youtube.com/watch?v=tS-25x4nZ0g
UgxmChRWyDaI4oN3Cq94AaABAg,2025-05-23T07:42:56Z,Great response regarding pothhole. ಧನ್ಯವಾದಗಳು!,Roads & Infrastructure,Feedback,https://www.youtube.com/watch?v=tS-25x4nZ0g
Ugyt6ealxZLcr5FwuDZ4AaABAg,2025-05-23T05:37:42Z,People are facing trouble due to trash. ಇದು ತಕ್ಷಣ ಸರಿಪಡಿಸಿ.,Sanitation,Complaint,https://www.youtube.com/watch?v=tS-25x4nZ0g
UgyFMyGXnTzV_FZQizt4AaABAg,2025-05-23T05:31:18Z,People are facing trouble due to garbage. ಇದು ತಕ್ಷಣ ಸರಿಪಡಿಸಿ.,Sanitation,Complaint,https://www.youtube.com/watch?v=tS-25x4nZ0g
UgzIgnlsBegb5NR_kw54AaABAg,2025-05-23T01:11:55Z,trash has not been working properly. Kindly repair it.,Sanitation,Complaint,https://www.youtube.com/watch?v=tS-25x4nZ0g
UgyzDZyBbJ7njpZZ3jp4AaABAg,2025-05-22T19:03:18Z,Good improvement in road. Thank you!,Roads & Infrastructure,Feedback,https://www.youtube.com/watch?v=tS-25x4nZ0g
UgzZwy0dFeXPa_H3WEd4AaABAg,2025-05-22T11:45:01Z,ಸರಬರಾಜು problem is causing inconvenience. Request quick action.,Water Supply,Complaint,https://www.youtube.com/watch?v=tS-25x4nZ0g
Ugyl4yKP8F0W3Rq0feh4AaABAg,2025-05-22T11:20:17Z,Great response regarding street. ಧನ್ಯವಾದಗಳು!,Roads & Infrastructure,Feedback,https://www.youtube.com/watch?v=tS-25x4nZ0g
UgwCwnzuxEQBM_Z8Ent4AaABAg,2025-05-22T10:14:06Z,The condition of garbage needs urgent attention.,Sanitation,Complaint,https://www.youtube.com/watch?v=tS-25x4nZ0g
UgwUzZ3Z5GIBfvlJQnR4AaABAg,2025-05-22T09:58:27Z,Great response regarding cleaning. ಧನ್ಯವಾದಗಳು!,Sanitation,Feedback,https://www.youtube.com/watch?v=tS-25x4nZ0g
UgxmGdC76I2gppJw8ZV4AaABAg,2025-05-22T08:02:03Z,People are facing trouble due to trash. ಇದು ತಕ್ಷಣ ಸರಿಪಡಿಸಿ.,Sanitation,Complaint,https://www.youtube.com/watch?v=tS-25x4nZ0g
UgyvtC2BN_gUFFyq1ot4AaABAg,2025-05-22T07:32:58Z,Good improvement in ತ್ಯಾಜ್ಯ. Thank you!,Sanitation,Feedback,https://www.youtube.com/watch?v=tS-25x4nZ0g
UgwVSXaCGP97kwF_zRx4AaABAg,2025-05-22T06:25:22Z,Great response regarding ಕಸ. ಧನ್ಯವಾದಗಳು!,Sanitation,Feedback,https://www.youtube.com/watch?v=tS-25x4nZ0g
UgzG9q2Yca07XNwpapp4AaABAg,2025-05-22T06:08:57Z,ಬೀದಿ service handled very well. Appreciated.,Roads & Infrastructure,Feedback,https://www.youtube.com/watch?v=tS-25x4nZ0g
Ugxhzp2H8PUUKQuequl4AaABAg,2025-05-22T06:05:28Z,ನೀರು has not been working properly. Kindly repair it.,Water Supply,Complaint,https://www.youtube.com/watch?v=tS-25x4nZ0g
Ugw8B8MHlKmFdBrfTNl4AaABAg,2025-05-22T06:05:07Z,Good improvement in ಸರಬರಾಜು. Thank you!,Water Supply,Feedback,https://www.youtube.com/watch?v=tS-25x4nZ0g
Ugy55Dv52F49Ko6B-Rt4AaABAg,2025-05-22T05:50:46Z,The condition of bridge needs urgent attention.,Roads & Infrastructure,Complaint,https://www.youtube.com/watch?v=tS-25x4nZ0g
UgzSjV6iQ8v3YM8A7aR4AaABAg,2025-05-22T05:31:02Z,Good improvement in bridge. Thank you!,Roads & Infrastructure,Feedback,https://www.youtube.com/watch?v=tS-25x4nZ0g
UgysqVVORU573UkSSpt4AaABAg,2025-05-22T04:01:47Z,pothhole service handled very well. Appreciated.,Roads & Infrastructure,Feedback,https://www.youtube.com/watch?v=tS-25x4nZ0g
UgxcOZ-gLmJdMNRaKdp4AaABAg,2025-05-22T02:54:09Z,There is an issue with garbage. Please fix it soon.,Sanitation,Complaint,https://www.youtube.com/watch?v=tS-25x4nZ0g
UgzjKypq43hJqSDn_rl4AaABAg,2025-05-21T22:48:45Z,ತ್ಯಾಜ್ಯ problem is causing inconvenience. Request quick action.,Sanitation,Complaint,https://www.youtube.com/watch?v=tS-25x4nZ0g
UgycckXM_H8VWET2q8d4AaABAg,2025-05-21T17:21:11Z,ನೀರು problem is causing inconvenience. Request quick action.,Water Supply,Complaint,https://www.youtube.com/watch?v=tS-25x4nZ0g
UgxiS8FJAmhsn03WtOl4AaABAg,2025-05-21T16:57:41Z,The condition of ಕಸ needs urgent attention.,Sanitation,Complaint,https://www.youtube.com/watch?v=tS-25x4nZ0g
UgzMEQYNNa5Qp8Xhpux4AaABAg,2025-05-21T16:11:37Z,waste has not been working properly. Kindly repair it.,Sanitation,Complaint,https://www.youtube.com/watch?v=tS-25x4nZ0g
UgwIgdYv2TQ5EtIhXK54AaABAg,2025-05-21T13:44:40Z,ಕಸ service handled very well. Appreciated.,Sanitation,Feedback,https://www.youtube.com/watch?v=tS-25x4nZ0g
UgypVqnvvv4DwBT27-14AaABAg,2025-05-21T12:11:04Z,Great response regarding ವಿದ್ಯುತ್. ಧನ್ಯವಾದಗಳು!,Electrical,Feedback,https://www.youtube.com/watch?v=tS-25x4nZ0g
Ugz5MiAIJkmqbzLm9k54AaABAg,2025-05-21T11:55:19Z,pothhole problem is causing inconvenience. Request quick action.,Roads & Infrastructure,Complaint,https://www.youtube.com/watch?v=tS-25x4nZ0g
UgwKkLSCbeeVRiZwM1l4AaABAg,2025-05-21T06:38:39Z,Good improvement in pothhole. Thank you!,Roads & Infrastructure,Feedback,https://www.youtube.com/watch?v=tS-25x4nZ0g
Ugz6K4w2poQNNCsWvF94AaABAg,2025-05-21T05:53:22Z,waste problem is causing inconvenience. Request quick action.,Sanitation,Complaint,https://www.youtube.com/watch?v=tS-25x4nZ0g
UgxLVURbvqApiRudOux4AaABAg,2025-05-21T05:22:47Z,ರಸ್ತೆ problem is causing inconvenience. Request quick action.,Roads & Infrastructure,Complaint,https://www.youtube.com/watch?v=tS-25x4nZ0g
Ugyye009bj6nfhicyb14AaABAg,2025-05-21T04:53:56Z,People are facing trouble due to street. ಇದು ತಕ್ಷಣ ಸರಿಪಡಿಸಿ.,Roads & Infrastructure,Complaint,https://www.youtube.com/watch?v=tS-25x4nZ0g
UgwjlMg8aVrkVGfE0Tt4AaABAg,2025-05-21T04:48:28Z,ಸರಬರಾಜು service handled very well. Appreciated.,Water Supply,Feedback,https://www.youtube.com/watch?v=tS-25x4nZ0g
UgzBTK40pA9J1qGVMAp4AaABAg,2025-05-21T04:21:41Z,garbage has not been working properly. Kindly repair it.,Sanitation,Complaint,https://www.youtube.com/watch?v=tS-25x4nZ0g
UgzVQrDSaOcJjERU7054AaABAg,2025-05-21T04:16:05Z,Great response regarding ಕಸ. ಧನ್ಯವಾದಗಳು!,Sanitation,Feedback,https://www.youtube.com/watch?v=tS-25x4nZ0g
UgxeQH_XTi7Nv1ABJk94AaABAg,2025-05-21T03:51:46Z,road service handled very well. Appreciated.,Roads & Infrastructure,Feedback,https://www.youtube.com/watch?v=tS-25x4nZ0g
UgyFZL_ygHKwIjYr5Dt4AaABAg,2025-05-21T03:17:28Z,Positive changes seen in ತ್ಯಾಜ್ಯ. Thanks team.,Sanitation,Feedback,https://www.youtube.com/watch?v=tS-25x4nZ0g
UgwgC0ZbSo3N3ZGvuO14AaABAg,2025-05-21T03:16:03Z,Good improvement in garbage. Thank you!,Sanitation,Feedback,https://www.youtube.com/watch?v=tS-25x4nZ0g
Ugzq0O5G9p9yJtKgvbZ4AaABAg,2025-05-21T02:56:40Z,cleaning service handled very well. Appreciated.,Sanitation,Feedback,https://www.youtube.com/watch?v=tS-25x4nZ0g
UgyBmXDXJB0Jik8jBmt4AaABAg,2025-05-21T00:36:29Z,People are facing trouble due to ಬೀದಿ. ಇದು ತಕ್ಷಣ ಸರಿಪಡಿಸಿ.,Roads & Infrastructure,Complaint,https://www.youtube.com/watch?v=tS-25x4nZ0g
UgyCDQwrSK5ZJyqcagJ4AaABAg,2025-05-20T17:49:48Z,The condition of ಬಿಲ್ needs urgent attention.,Revenue/Tax,Complaint,https://www.youtube.com/watch?v=tS-25x4nZ0g
Ugy65a9XjwA19YTG5jx4AaABAg,2025-05-20T07:07:01Z,Happy with the recent work on ಸ್ವಚ್ಛತೆ. Keep going.,Sanitation,Feedback,https://www.youtube.com/watch?v=tS-25x4nZ0g
UgxLRgtsbro4Ni3JofZ4AaABAg,2025-05-20T07:04:30Z,ಸ್ವಚ್ಛತೆ service handled very well. Appreciated.,Sanitation,Feedback,https://www.youtube.com/watch?v=tS-25x4nZ0g
Ugy48s_IimLUMImIcYZ4AaABAg,2025-05-20T06:44:02Z,People are facing trouble due to waste. ಇದು ತಕ್ಷಣ ಸರಿಪಡಿಸಿ.,Sanitation,Complaint,https://www.youtube.com/watch?v=tS-25x4nZ0g
UgxkUoTjMO1imRvfekh4AaABAg,2025-05-20T06:27:06Z,ಸ್ವಚ್ಛತೆ problem is causing inconvenience. Request quick action.,Sanitation,Complaint,https://www.youtube.com/watch?v=tS-25x4nZ0g
UgxKN_ZE091BFJ95I754AaABAg,2025-05-20T05:17:48Z,The condition of cleaning needs urgent attention.,Sanitation,Complaint,https://www.youtube.com/watch?v=tS-25x4nZ0g
UgzfcDYx3vOKU0B2C4l4AaABAg,2025-05-20T02:54:35Z,Good improvement in ಕಸ. Thank you!,Sanitation,Feedback,https://www.youtube.com/watch?v=tS-25x4nZ0g
Ugz8PoMlANxIkhggLWZ4AaABAg,2025-05-19T19:47:02Z,Happy with the recent work on garbage. Keep going.,Sanitation,Feedback,https://www.youtube.com/watch?v=tS-25x4nZ0g
UgwBpk_EtYqC_sX8eQF4AaABAg,2025-05-19T18:01:09Z,Happy with the recent work on trash. Keep going.,Sanitation,Feedback,https://www.youtube.com/watch?v=tS-25x4nZ0g
UgzXwHJNqppXpEzfZdJ4AaABAg,2025-05-19T15:44:01Z,Happy with the recent work on road. Keep going.,Roads & Infrastructure,Feedback,https://www.youtube.com/watch?v=tS-25x4nZ0g
Ugw2IJV6URbZfJ81I2N4AaABAg,2025-05-19T09:07:26Z,People are facing trouble due to trash. ಇದು ತಕ್ಷಣ ಸರಿಪಡಿಸಿ.,Sanitation,Complaint,https://www.youtube.com/watch?v=tS-25x4nZ0g
UgxCflv3142sn7rC11h4AaABAg,2025-05-19T04:23:07Z,Happy with the recent work on waste. Keep going.,Sanitation,Feedback,https://www.youtube.com/watch?v=tS-25x4nZ0g
UgzTvSvJiXO3p6pNT294AaABAg,2025-05-18T18:41:29Z,Good improvement in ಕಸ. Thank you!,Sanitation,Feedback,https://www.youtube.com/watch?v=tS-25x4nZ0g
UgzLy89EPAr5eYPdgMV4AaABAg,2025-05-18T08:48:05Z,There is an issue with ಮಾಲಿನ್ಯ. Please fix it soon.,Health & Environment,Complaint,https://www.youtube.com/watch?v=tS-25x4nZ0g
Ugw4Gv-s0yc0oIuloc54AaABAg,2025-05-18T08:44:49Z,waste service handled very well. Appreciated.,Sanitation,Feedback,https://www.youtube.com/watch?v=tS-25x4nZ0g
UgwDdzLP9NGU96zmePx4AaABAg,2025-05-18T08:08:47Z,Positive changes seen in ಸ್ವಚ್ಛತೆ. Thanks team.,Sanitation,Feedback,https://www.youtube.com/watch?v=tS-25x4nZ0g
Ugx59n2crg_NVL3-zYN4AaABAg,2025-05-18T07:56:13Z,Positive changes seen in street. Thanks team.,Roads & Infrastructure,Feedback,https://www.youtube.com/watch?v=tS-25x4nZ0g
UgxfabXwvi-P2V_n-pV4AaABAg,2025-05-18T07:30:09Z,Great response regarding bridge. ಧನ್ಯವಾದಗಳು!,Roads & Infrastructure,Feedback,https://www.youtube.com/watch?v=tS-25x4nZ0g
UgyYFi2fb6NlIbj2Tk94AaABAg,2025-05-18T07:15:17Z,Positive changes seen in bridge. Thanks team.,Roads & Infrastructure,Feedback,https://www.youtube.com/watch?v=tS-25x4nZ0g
UgwcuWY_sKu8u7jQ8nx4AaABAg,2025-05-18T07:01:28Z,garbage has not been working properly. Kindly repair it.,Sanitation,Complaint,https://www.youtube.com/watch?v=tS-25x4nZ0g
Ugy5iEXLHUqsb-mgADl4AaABAg,2025-05-18T05:47:43Z,ಕಸ service handled very well. Appreciated.,Sanitation,Feedback,https://www.youtube.com/watch?v=tS-25x4nZ0g
UgyZiH7DpRbbl1NW58J4AaABAg,2025-11-25T01:58:28Z,There is an issue with ಸ್ವಚ್ಛತೆ. Please fix it soon.,Sanitation,Complaint,https://www.youtube.com/watch?v=UcR0uNA0y9g
UgxROgfqo3EwRzwYyx94AaABAg,2025-11-24T15:51:24Z,Great response regarding property. ಧನ್ಯವಾದಗಳು!,Revenue/Tax,Feedback,https://www.youtube.com/watch?v=UcR0uNA0y9g
Ugz2thsZGjV7LScEq714AaABAg,2025-11-22T14:50:03Z,Great response regarding ಸ್ವಚ್ಛತೆ. ಧನ್ಯವಾದಗಳು!,Sanitation,Feedback,https://www.youtube.com/watch?v=UcR0uNA0y9g
UgyBRMj7eFzWkq0zMIh4AaABAg,2025-11-22T04:45:28Z,People are facing trouble due to trash. ಇದು ತಕ್ಷಣ ಸರಿಪಡಿಸಿ.,Sanitation,Complaint,https://www.youtube.com/watch?v=UcR0uNA0y9g
UgzHv6qINuHn4EobgYh4AaABAg,2025-11-19T15:10:57Z,Great response regarding ವಿದ್ಯುತ್. ಧನ್ಯವಾದಗಳು!,Electrical,Feedback,https://www.youtube.com/watch?v=UcR0uNA0y9g
UgyNJ8NeScunkGqiGQh4AaABAg,2025-11-16T10:29:01Z,ಸ್ವಚ್ಛತೆ has not been working properly. Kindly repair it.,Sanitation,Complaint,https://www.youtube.com/watch?v=UcR0uNA0y9g
UgySOfkGCyMayuOxw754AaABAg,2025-11-16T06:14:00Z,Positive changes seen in power. Thanks team.,Electrical,Feedback,https://www.youtube.com/watch?v=UcR0uNA0y9g
Ugx0v6T9-BNdTzJd20p4AaABAg,2025-11-16T04:02:24Z,The condition of waste needs urgent attention.,Sanitation,Complaint,https://www.youtube.com/watch?v=UcR0uNA0y9g
Ugx26oRO5Z3gPgatC3t4AaABAg,2025-11-15T10:11:29Z,Happy with the recent work on trash. Keep going.,Sanitation,Feedback,https://www.youtube.com/watch?v=UcR0uNA0y9g
Ugy-8ThX-6FZsmvhNud4AaABAg,2025-11-15T03:45:44Z,There is an issue with bridge. Please fix it soon.,Roads & Infrastructure,Complaint,https://www.youtube.com/watch?v=UcR0uNA0y9g
UgyxEsaQxoEEFd5lu-94AaABAg,2025-11-14T07:25:10Z,cleaning has not been working properly. Kindly repair it.,Sanitation,Complaint,https://www.youtube.com/watch?v=UcR0uNA0y9g
Ugwazl_rarSO2QqkSX54AaABAg,2025-11-12T08:00:21Z,Great response regarding ಕಸ. ಧನ್ಯವಾದಗಳು!,Sanitation,Feedback,https://www.youtube.com/watch?v=UcR0uNA0y9g
Ugy9GZ-ZKKS_dqURaSh4AaABAg,2025-11-12T00:41:50Z,People are facing trouble due to ತ್ಯಾಜ್ಯ. ಇದು ತಕ್ಷಣ ಸರಿಪಡಿಸಿ.,Sanitation,Complaint,https://www.youtube.com/watch?v=UcR0uNA0y9g
UgxALs50cWYTvwJRzRx4AaABAg,2025-11-11T09:27:45Z,Great response regarding ತ್ಯಾಜ್ಯ. ಧನ್ಯವಾದಗಳು!,Sanitation,Feedback,https://www.youtube.com/watch?v=UcR0uNA0y9g
UgwwiJ19e932xi-cbIB4AaABAg,2025-11-09T06:07:30Z,People are facing trouble due to ಕಸ. ಇದು ತಕ್ಷಣ ಸರಿಪಡಿಸಿ.,Sanitation,Complaint,https://www.youtube.com/watch?v=UcR0uNA0y9g
UgysUnkodPmSjPlO-PZ4AaABAg,2025-11-08T17:59:17Z,ಸ್ವಚ್ಛತೆ has not been working properly. Kindly repair it.,Sanitation,Complaint,https://www.youtube.com/watch?v=UcR0uNA0y9g
Ugz3MtrhDUztCCbsej14AaABAg,2025-11-07T15:39:11Z,People are facing trouble due to ಸ್ವಚ್ಛತೆ. ಇದು ತಕ್ಷಣ ಸರಿಪಡಿಸಿ.,Sanitation,Complaint,https://www.youtube.com/watch?v=UcR0uNA0y9g
Ugy6dzJvLu2Fbv-xE-p4AaABAg,2025-11-07T01:26:52Z,Great response regarding garbage. ಧನ್ಯವಾದಗಳು!,Sanitation,Feedback,https://www.youtube.com/watch?v=UcR0uNA0y9g
Ugwn-eiLSScK5NfCsMZ4AaABAg,2025-11-06T02:28:24Z,There is an issue with ಸ್ವಚ್ಛತೆ. Please fix it soon.,Sanitation,Complaint,https://www.youtube.com/watch?v=UcR0uNA0y9g
UgxUhtMgupaNaha_QVJ4AaABAg,2025-11-04T09:52:52Z,Great response regarding cleaning. ಧನ್ಯವಾದಗಳು!,Sanitation,Feedback,https://www.youtube.com/watch?v=UcR0uNA0y9g
Ugz3jTG1k1LFpjg93Ut4AaABAg,2025-11-02T17:23:27Z,Positive changes seen in waste. Thanks team.,Sanitation,Feedback,https://www.youtube.com/watch?v=UcR0uNA0y9g
UgzTqAsgA2aLLgAFY0V4AaABAg,2025-11-02T15:18:08Z,Great response regarding trash. ಧನ್ಯವಾದಗಳು!,Sanitation,Feedback,https://www.youtube.com/watch?v=UcR0uNA0y9g
UgytwJpldFEyiHMx0lV4AaABAg,2025-11-02T15:13:28Z,Good improvement in street. Thank you!,Roads & Infrastructure,Feedback,https://www.youtube.com/watch?v=UcR0uNA0y9g
Ugwteu4Hklb9RJb47b54AaABAg,2025-10-31T14:00:50Z,drinking problem is causing inconvenience. Request quick action.,Water Supply,Complaint,https://www.youtube.com/watch?v=UcR0uNA0y9g
UgwUd8QsSbAiYrzucHV4AaABAg,2025-10-30T16:39:07Z,People are facing trouble due to ತ್ಯಾಜ್ಯ. ಇದು ತಕ್ಷಣ ಸರಿಪಡಿಸಿ.,Sanitation,Complaint,https://www.youtube.com/watch?v=UcR0uNA0y9g
UgyEOUlQ6Kfi2Xe-aFF4AaABAg,2025-10-29T20:40:17Z,Good improvement in cleaning. Thank you!,Sanitation,Feedback,https://www.youtube.com/watch?v=UcR0uNA0y9g
UgzQexv43Su7XiVuDFx4AaABAg,2025-10-29T07:15:48Z,Good improvement in waste. Thank you!,Sanitation,Feedback,https://www.youtube.com/watch?v=UcR0uNA0y9g
UgwdT3hBtutSBLzy3854AaABAg,2025-10-28T18:28:31Z,Good improvement in trash. Thank you!,Sanitation,Feedback,https://www.youtube.com/watch?v=UcR0uNA0y9g
Ugwp4xxYr_te7AupN7J4AaABAg,2025-10-28T10:59:39Z,ತ್ಯಾಜ್ಯ problem is causing inconvenience. Request quick action.,Sanitation,Complaint,https://www.youtube.com/watch?v=UcR0uNA0y9g
UgwG6p3QQK7BaS_DPKJ4AaABAg,2025-10-28T09:30:15Z,People are facing trouble due to ಸೇತುವೆ. ಇದು ತಕ್ಷಣ ಸರಿಪಡಿಸಿ.,Roads & Infrastructure,Complaint,https://www.youtube.com/watch?v=UcR0uNA0y9g
UgxI8D0IXUz5RjJMVlB4AaABAg,2025-10-27T18:36:29Z,There is an issue with street. Please fix it soon.,Roads & Infrastructure,Complaint,https://www.youtube.com/watch?v=UcR0uNA0y9g
UgwWBWE4qvDS8RmuwTd4AaABAg,2025-10-27T18:31:18Z,Great response regarding trash. ಧನ್ಯವಾದಗಳು!,Sanitation,Feedback,https://www.youtube.com/watch?v=UcR0uNA0y9g
Ugy-utyPr1smQI0iyP94AaABAg,2025-10-27T04:21:35Z,Great response regarding ಸರಬರಾಜು. ಧನ್ಯವಾದಗಳು!,Water Supply,Feedback,https://www.youtube.com/watch?v=UcR0uNA0y9g
Ugz2HObmVNHNPOmco8R4AaABAg,2025-10-26T15:13:37Z,ತ್ಯಾಜ್ಯ service handled very well. Appreciated.,Sanitation,Feedback,https://www.youtube.com/watch?v=UcR0uNA0y9g
UgwlbMZuc9aDYlcQ8Bh4AaABAg,2025-10-26T10:19:13Z,The condition of street needs urgent attention.,Roads & Infrastructure,Complaint,https://www.youtube.com/watch?v=UcR0uNA0y9g
Ugzct2_WvSnPWbtuvSp4AaABAg,2025-10-26T03:25:35Z,Great response regarding ಸ್ವಚ್ಛತೆ. ಧನ್ಯವಾದಗಳು!,Sanitation,Feedback,https://www.youtube.com/watch?v=UcR0uNA0y9g
UgzUxH09zRgY-Yg1xHp4AaABAg,2025-10-22T11:53:17Z,Happy with the recent work on garbage. Keep going.,Sanitation,Feedback,https://www.youtube.com/watch?v=UcR0uNA0y9g
UgyhkFvDDff1-ToRNBp4AaABAg,2025-10-21T18:43:30Z,ಕಸ problem is causing inconvenience. Request quick action.,Sanitation,Complaint,https://www.youtube.com/watch?v=UcR0uNA0y9g
UgyRgLSSUVlgcYgUFU94AaABAg,2025-10-20T05:25:02Z,There is an issue with cleaning. Please fix it soon.,Sanitation,Complaint,https://www.youtube.com/watch?v=UcR0uNA0y9g
UgzmFEM3fgbap5MS9f94AaABAg,2025-10-19T14:25:30Z,Positive changes seen in cleaning. Thanks team.,Sanitation,Feedback,https://www.youtube.com/watch?v=UcR0uNA0y9g
Ugyub_I2QPoqFFsMHtN4AaABAg,2025-10-19T03:04:59Z,ತ್ಯಾಜ್ಯ problem is causing inconvenience. Request quick action.,Sanitation,Complaint,https://www.youtube.com/watch?v=UcR0uNA0y9g
UgzNdDEzGj6ypxYpmYJ4AaABAg,2025-10-17T17:39:21Z,Great response regarding ತ್ಯಾಜ್ಯ. ಧನ್ಯವಾದಗಳು!,Sanitation,Feedback,https://www.youtube.com/watch?v=UcR0uNA0y9g
Ugw29M0TG8B4O-5G1nl4AaABAg,2025-10-14T04:00:27Z,Positive changes seen in ಬೀದಿ. Thanks team.,Roads & Infrastructure,Feedback,https://www.youtube.com/watch?v=UcR0uNA0y9g
Ugw4yaZ6PkcZrAjLy4F4AaABAg,2025-10-11T03:58:25Z,Positive changes seen in pollution. Thanks team.,Health & Environment,Feedback,https://www.youtube.com/watch?v=UcR0uNA0y9g
Ugz6oyDQTZResfeeH_R4AaABAg,2025-10-08T20:25:41Z,The condition of ತ್ಯಾಜ್ಯ needs urgent attention.,Sanitation,Complaint,https://www.youtube.com/watch?v=UcR0uNA0y9g
Ugxz7MXrW4nxLVrS7tB4AaABAg,2025-10-06T23:18:00Z,There is an issue with ತ್ಯಾಜ್ಯ. Please fix it soon.,Sanitation,Complaint,https://www.youtube.com/watch?v=UcR0uNA0y9g
UgwkFB3wijN38IkH7zt4AaABAg,2025-10-02T16:53:15Z,The condition of ತ್ಯಾಜ್ಯ needs urgent attention.,Sanitation,Complaint,https://www.youtube.com/watch?v=UcR0uNA0y9g
Ugx7eMm5cK9cfj4C98V4AaABAg,2025-09-29T00:11:37Z,Happy with the recent work on cleaning. Keep going.,Sanitation,Feedback,https://www.youtube.com/watch?v=UcR0uNA0y9g
Ugw7TlE8fvSiFRxcyLV4AaABAg,2025-09-28T15:11:17Z,Great response regarding ತ್ಯಾಜ್ಯ. ಧನ್ಯವಾದಗಳು!,Sanitation,Feedback,https://www.youtube.com/watch?v=UcR0uNA0y9g
UgwnKc4DtWSJ3rGQM4d4AaABAg,2025-09-27T08:23:13Z,Good improvement in ಮಾಲಿನ್ಯ. Thank you!,Health & Environment,Feedback,https://www.youtube.com/watch?v=UcR0uNA0y9g
UgymDpdqzJ2S0PkvFi94AaABAg,2025-09-18T20:07:26Z,garbage has not been working properly. Kindly repair it.,Sanitation,Complaint,https://www.youtube.com/watch?v=UcR0uNA0y9g
UgwK2pwRq23wE0d1KVx4AaABAg,2025-09-16T09:36:11Z,Happy with the recent work on waste. Keep going.,Sanitation,Feedback,https://www.youtube.com/watch?v=UcR0uNA0y9g
UgxdCHVa8RIsB9-zU854AaABAg,2025-09-14T13:25:09Z,Good improvement in electricity. Thank you!,Electrical,Feedback,https://www.youtube.com/watch?v=UcR0uNA0y9g
Ugwdy3P-9tSftB97w8p4AaABAg,2025-09-13T12:15:20Z,The condition of ತ್ಯಾಜ್ಯ needs urgent attention.,Sanitation,Complaint,https://www.youtube.com/watch?v=UcR0uNA0y9g
UgxvOkDIf7aYeHnppDt4AaABAg,2025-09-13T03:13:16Z,Positive changes seen in ಸ್ವಚ್ಛತೆ. Thanks team.,Sanitation,Feedback,https://www.youtube.com/watch?v=UcR0uNA0y9g
UgyFgRxnhqOI2iCYMN94AaABAg,2025-09-12T14:02:14Z,ಕಸ has not been working properly. Kindly repair it.,Sanitation,Complaint,https://www.youtube.com/watch?v=UcR0uNA0y9g
UgwWh7FVAHHRVJSfIUd4AaABAg,2025-09-10T16:26:28Z,Good improvement in ಸೇತುವೆ. Thank you!,Roads & Infrastructure,Feedback,https://www.youtube.com/watch?v=UcR0uNA0y9g
UgxlA-Zlx81bBnQcgWt4AaABAg,2025-09-09T14:38:32Z,waste has not been working properly. Kindly repair it.,Sanitation,Complaint,https://www.youtube.com/watch?v=UcR0uNA0y9g
UgxvILtx7kffSLeQY2t4AaABAg,2025-09-09T08:04:03Z,Good improvement in ವಿದ್ಯುತ್. Thank you!,Electrical,Feedback,https://www.youtube.com/watch?v=UcR0uNA0y9g
UgxO9v3c1Zvr8pc6Byt4AaABAg,2025-09-07T14:52:25Z,People are facing trouble due to ಕಸ. ಇದು ತಕ್ಷಣ ಸರಿಪಡಿಸಿ.,Sanitation,Complaint,https://www.youtube.com/watch?v=UcR0uNA0y9g
Ugwin3Vsux28oMFPrMV4AaABAg,2025-09-07T07:37:01Z,There is an issue with garbage. Please fix it soon.,Sanitation,Complaint,https://www.youtube.com/watch?v=UcR0uNA0y9g
UgyhiSvgPnwxu6Mm90V4AaABAg,2025-09-06T08:32:26Z,There is an issue with bridge. Please fix it soon.,Roads & Infrastructure,Complaint,https://www.youtube.com/watch?v=UcR0uNA0y9g
UgyljkloOhiY9a8fi3l4AaABAg,2025-09-06T08:31:11Z,There is an issue with pothhole. Please fix it soon.,Roads & Infrastructure,Complaint,https://www.youtube.com/watch?v=UcR0uNA0y9g
Ugxe_cqc1LCJB_yHPMV4AaABAg,2025-09-05T16:48:59Z,The condition of health needs urgent attention.,Health & Environment,Complaint,https://www.youtube.com/watch?v=UcR0uNA0y9g
Ugxba2X_JKbf88jKl6h4AaABAg,2025-09-05T13:41:54Z,Positive changes seen in pothhole. Thanks team.,Roads & Infrastructure,Feedback,https://www.youtube.com/watch?v=UcR0uNA0y9g
UgyXx_lh341FW5mP_yR4AaABAg,2025-09-05T08:22:42Z,Great response regarding چರಂಡಿ. ಧನ್ಯವಾದಗಳು!,Health & Environment,Feedback,https://www.youtube.com/watch?v=UcR0uNA0y9g
UgygusaIAlGJLw-FKGJ4AaABAg,2025-09-01T14:55:34Z,The condition of trash needs urgent attention.,Sanitation,Complaint,https://www.youtube.com/watch?v=UcR0uNA0y9g
UgwagvkidTHtOslKPgx4AaABAg,2025-08-31T04:05:35Z,ಸ್ವಚ್ಛತೆ problem is causing inconvenience. Request quick action.,Sanitation,Complaint,https://www.youtube.com/watch?v=UcR0uNA0y9g
Ugx1L8i8fx3TWHhNXs54AaABAg,2025-08-30T17:35:35Z,Great response regarding ಸ್ವಚ್ಛತೆ. ಧನ್ಯವಾದಗಳು!,Sanitation,Feedback,https://www.youtube.com/watch?v=UcR0uNA0y9g
Ugz-jdoetxeWWQqEMvV4AaABAg,2025-08-29T07:45:37Z,There is an issue with ಬೀದಿ ದೀಪ. Please fix it soon.,Electrical,Complaint,https://www.youtube.com/watch?v=UcR0uNA0y9g
UgwtaV109s3VZjyANn94AaABAg,2025-08-28T09:20:59Z,People are facing trouble due to waste. ಇದು ತಕ್ಷಣ ಸರಿಪಡಿಸಿ.,Sanitation,Complaint,https://www.youtube.com/watch?v=UcR0uNA0y9g
UgzFP96PIwAOKogSdsR4AaABAg,2025-08-26T01:43:07Z,The condition of cleaning needs urgent attention.,Sanitation,Complaint,https://www.youtube.com/watch?v=UcR0uNA0y9g
Ugz1jVSGr6a1-bBbdPJ4AaABAg,2025-08-25T03:25:23Z,Positive changes seen in ಕಸ. Thanks team.,Sanitation,Feedback,https://www.youtube.com/watch?v=UcR0uNA0y9g
Ugy5WDVACt8dUnEj_Ch4AaABAg,2025-08-23T04:46:39Z,There is an issue with ಸ್ವಚ್ಛತೆ. Please fix it soon.,Sanitation,Complaint,https://www.youtube.com/watch?v=UcR0uNA0y9g
UgwUZ24-RAvnf0xHGb54AaABAg,2025-08-21T12:46:58Z,There is an issue with trash. Please fix it soon.,Sanitation,Complaint,https://www.youtube.com/watch?v=UcR0uNA0y9g
Ugx5O_HWtRJG-RdS-5l4AaABAg,2025-08-19T09:43:03Z,Happy with the recent work on ಸರಬರಾಜು. Keep going.,Water Supply,Feedback,https://www.youtube.com/watch?v=UcR0uNA0y9g
UgzymhcCssPj7B-AT0R4AaABAg,2025-08-18T18:22:05Z,power service handled very well. Appreciated.,Electrical,Feedback,https://www.youtube.com/watch?v=UcR0uNA0y9g
UgwU9ZQcI7wAOY3KBBd4AaABAg,2025-08-18T03:08:29Z,Positive changes seen in waste. Thanks team.,Sanitation,Feedback,https://www.youtube.com/watch?v=UcR0uNA0y9g
UgzlwPJaPNXRGY0B4ih4AaABAg,2025-08-17T02:37:28Z,The condition of ಕಸ needs urgent attention.,Sanitation,Complaint,https://www.youtube.com/watch?v=UcR0uNA0y9g
UgwIJvPuMwovNKAfIhF4AaABAg,2025-08-15T13:00:32Z,Positive changes seen in drinking. Thanks team.,Water Supply,Feedback,https://www.youtube.com/watch?v=UcR0uNA0y9g
UgyL3_Sfeaap-rpV3mN4AaABAg,2025-08-15T04:07:34Z,power service handled very well. Appreciated.,Electrical,Feedback,https://www.youtube.com/watch?v=UcR0uNA0y9g
Ugy1IQlfcA8FPh-b9_J4AaABAg,2025-08-14T13:23:52Z,Happy with the recent work on streetlight. Keep going.,Electrical,Feedback,https://www.youtube.com/watch?v=UcR0uNA0y9g
UgwpdhulTjmrevLOP7d4AaABAg,2025-08-12T04:42:43Z,Positive changes seen in garbage. Thanks team.,Sanitation,Feedback,https://www.youtube.com/watch?v=UcR0uNA0y9g
Ugzumy1PI3uMt8pu7GR4AaABAg,2025-08-11T15:01:08Z,lamp service handled very well. Appreciated.,Electrical,Feedback,https://www.youtube.com/watch?v=UcR0uNA0y9g
UgxTuQvEjoksA5gkStV4AaABAg,2025-08-11T03:44:45Z,People are facing trouble due to health. ಇದು ತಕ್ಷಣ ಸರಿಪಡಿಸಿ.,Health & Environment,Complaint,https://www.youtube.com/watch?v=UcR0uNA0y9g
Ugzdmmbq35XZT6uKcMV4AaABAg,2025-08-08T12:25:10Z,People are facing trouble due to waste. ಇದು ತಕ್ಷಣ ಸರಿಪಡಿಸಿ.,Sanitation,Complaint,https://www.youtube.com/watch?v=UcR0uNA0y9g
UgxVsFa4imrs4OdbZTx4AaABAg,2025-08-06T16:12:28Z,Happy with the recent work on water. Keep going.,Water Supply,Feedback,https://www.youtube.com/watch?v=UcR0uNA0y9g
UgzNjcMkDzThZYtewL14AaABAg,2025-08-06T13:35:49Z,People are facing trouble due to waste. ಇದು ತಕ್ಷಣ ಸರಿಪಡಿಸಿ.,Sanitation,Complaint,https://www.youtube.com/watch?v=UcR0uNA0y9g
UgzFBa7uio85q9sFBbZ4AaABAg,2025-08-05T20:41:17Z,Good improvement in ತ್ಯಾಜ್ಯ. Thank you!,Sanitation,Feedback,https://www.youtube.com/watch?v=UcR0uNA0y9g
UgyHzM4GAb3Fdv1I-ep4AaABAg,2025-08-05T13:45:50Z,waste has not been working properly. Kindly repair it.,Sanitation,Complaint,https://www.youtube.com/watch?v=UcR0uNA0y9g
UgxEy5tLxG3JOoy4KVR4AaABAg,2025-08-05T13:43:24Z,Happy with the recent work on ತ್ಯಾಜ್ಯ. Keep going.,Sanitation,Feedback,https://www.youtube.com/watch?v=UcR0uNA0y9g
UgxYsieaAfJxZZWCa2N4AaABAg,2025-08-05T13:27:50Z,The condition of ತ್ಯಾಜ್ಯ needs urgent attention.,Sanitation,Complaint,https://www.youtube.com/watch?v=UcR0uNA0y9g
UgxCpzO3BQkcfFgzHeN4AaABAg,2025-08-05T12:29:55Z,Good improvement in trash. Thank you!,Sanitation,Feedback,https://www.youtube.com/watch?v=UcR0uNA0y9g
Ugy-nJt41L7BAU7d_MB4AaABAg,2025-08-04T11:46:15Z,ಸ್ವಚ್ಛತೆ has not been working properly. Kindly repair it.,Sanitation,Complaint,https://www.youtube.com/watch?v=UcR0uNA0y9g
UgxRCnQNGLzMqa_jMVV4AaABAg,2025-08-04T05:57:32Z,ತ್ಯಾಜ್ಯ service handled very well. Appreciated.,Sanitation,Feedback,https://www.youtube.com/watch?v=UcR0uNA0y9g
Ugwl48G7ts4LQ8AkhlB4AaABAg,2025-08-04T03:41:28Z,waste problem is causing inconvenience. Request quick action.,Sanitation,Complaint,https://www.youtube.com/watch?v=UcR0uNA0y9g
UgygLU6UlNM1y82xafl4AaABAg,2025-08-03T18:25:46Z,Positive changes seen in ತ್ಯಾಜ್ಯ. Thanks team.,Sanitation,Feedback,https://www.youtube.com/watch?v=UcR0uNA0y9g
UgwyJSKWke6SPm5n2y54AaABAg,2025-08-03T17:02:40Z,Positive changes seen in trash. Thanks team.,Sanitation,Feedback,https://www.youtube.com/watch?v=UcR0uNA0y9g
Ugys1yfdRQRm36SlsQl4AaABAg,2025-08-03T15:48:26Z,People are facing trouble due to ಕಸ. ಇದು ತಕ್ಷಣ ಸರಿಪಡಿಸಿ.,Sanitation,Complaint,https://www.youtube.com/watch?v=UcR0uNA0y9g
UgyD7xa30iAKB0jrdYt4AaABAg,2025-08-03T15:23:40Z,cleaning has not been working properly. Kindly repair it.,Sanitation,Complaint,https://www.youtube.com/watch?v=UcR0uNA0y9g
UgwE-g9TYY8hBfA8qtJ4AaABAg,2025-08-03T14:38:32Z,ಸ್ವಚ್ಛತೆ problem is causing inconvenience. Request quick action.,Sanitation,Complaint,https://www.youtube.com/watch?v=UcR0uNA0y9g
UgyALua1qhzXxQ-Ynw94AaABAg,2025-08-03T14:01:22Z,There is an issue with garbage. Please fix it soon.,Sanitation,Complaint,https://www.youtube.com/watch?v=UcR0uNA0y9g
Ugzr2LRwI5fdFY1zI3x4AaABAg,2025-08-03T13:50:04Z,ಸ್ವಚ್ಛತೆ problem is causing inconvenience. Request quick action.,Sanitation,Complaint,https://www.youtube.com/watch?v=UcR0uNA0y9g
UgyJsLkOXgivdfcv9Wp4AaABAg,2025-08-03T12:33:44Z,The condition of ಬೀದಿ needs urgent attention.,Roads & Infrastructure,Complaint,https://www.youtube.com/watch?v=UcR0uNA0y9g
Ugw-PD_0-1b7U-6ll4l4AaABAg,2025-08-03T10:33:50Z,Great response regarding ಬೀದಿ ದೀಪ. ಧನ್ಯವಾದಗಳು!,Electrical,Feedback,https://www.youtube.com/watch?v=UcR0uNA0y9g
Ugy1HiovqACgQVgN0pt4AaABAg,2025-08-03T07:51:44Z,There is an issue with cleaning. Please fix it soon.,Sanitation,Complaint,https://www.youtube.com/watch?v=UcR0uNA0y9g
Ugzem8oL4pGsbPlF1WN4AaABAg,2025-08-03T04:44:11Z,ಸ್ವಚ್ಛತೆ service handled very well. Appreciated.,Sanitation,Feedback,https://www.youtube.com/watch?v=UcR0uNA0y9g
UgzJiNTUuQfQJ6gRJUF4AaABAg,2025-08-02T15:19:13Z,The condition of trash needs urgent attention.,Sanitation,Complaint,https://www.youtube.com/watch?v=UcR0uNA0y9g
Ugwty_zghtBglNHjkZx4AaABAg,2025-08-02T15:02:28Z,Happy with the recent work on garbage. Keep going.,Sanitation,Feedback,https://www.youtube.com/watch?v=UcR0uNA0y9g
UgxOk7UgwyasBVYbxit4AaABAg,2025-08-02T14:31:22Z,ತ್ಯಾಜ್ಯ has not been working properly. Kindly repair it.,Sanitation,Complaint,https://www.youtube.com/watch?v=UcR0uNA0y9g
UgyZ1ssAHIbEa-0zjgt4AaABAg,2025-08-02T11:28:15Z,Happy with the recent work on ಬಿಲ್. Keep going.,Revenue/Tax,Feedback,https://www.youtube.com/watch?v=UcR0uNA0y9g
UgxY3PjfqpUkQShExtp4AaABAg,2025-08-02T11:19:51Z,Positive changes seen in ತ್ಯಾಜ್ಯ. Thanks team.,Sanitation,Feedback,https://www.youtube.com/watch?v=UcR0uNA0y9g
UgxsywVljZyEbhe5Aet4AaABAg,2025-08-02T10:42:10Z,The condition of road needs urgent attention.,Roads & Infrastructure,Complaint,https://www.youtube.com/watch?v=UcR0uNA0y9g
Ugx8ewc3rN2AJVVR7494AaABAg,2025-08-02T10:14:54Z,Great response regarding ಸ್ವಚ್ಛತೆ. ಧನ್ಯವಾದಗಳು!,Sanitation,Feedback,https://www.youtube.com/watch?v=UcR0uNA0y9g
UgwKd3w2czDtAylgVyJ4AaABAg,2025-08-02T08:58:19Z,Positive changes seen in ಬೀದಿ. Thanks team.,Roads & Infrastructure,Feedback,https://www.youtube.com/watch?v=UcR0uNA0y9g
UgzgrRjLntUgZRlRtBN4AaABAg,2025-08-02T07:20:21Z,Good improvement in garbage. Thank you!,Sanitation,Feedback,https://www.youtube.com/watch?v=UcR0uNA0y9g
UgxlFV41N1BcRfwdxVZ4AaABAg,2025-08-02T06:43:51Z,People are facing trouble due to cleaning. ಇದು ತಕ್ಷಣ ಸರಿಪಡಿಸಿ.,Sanitation,Complaint,https://www.youtube.com/watch?v=UcR0uNA0y9g
UgxRypr6mnZsjGXOs-t4AaABAg,2025-08-02T06:43:32Z,trash has not been working properly. Kindly repair it.,Sanitation,Complaint,https://www.youtube.com/watch?v=UcR0uNA0y9g
Ugy25HW1tPHqnN_rXwp4AaABAg,2025-08-01T15:39:51Z,Happy with the recent work on trash. Keep going.,Sanitation,Feedback,https://www.youtube.com/watch?v=UcR0uNA0y9g
Ugy5wROsK6JmX23yvpl4AaABAg,2025-08-01T13:09:25Z,Happy with the recent work on garbage. Keep going.,Sanitation,Feedback,https://www.youtube.com/watch?v=UcR0uNA0y9g
UgxJ7G2pqD-PQkSQb8d4AaABAg,2025-08-01T10:28:13Z,ಸರಬರಾಜು service handled very well. Appreciated.,Water Supply,Feedback,https://www.youtube.com/watch?v=UcR0uNA0y9g
UgzTyp96Jt9QNcFF5Tp4AaABAg,2025-08-01T09:42:04Z,ತ್ಯಾಜ್ಯ service handled very well. Appreciated.,Sanitation,Feedback,https://www.youtube.com/watch?v=UcR0uNA0y9g
Ugxb3EqzU5nXiR-Xn8F4AaABAg,2025-08-01T09:01:13Z,cleaning has not been working properly. Kindly repair it.,Sanitation,Complaint,https://www.youtube.com/watch?v=UcR0uNA0y9g
Ugxz-Jjg-1sSFyVr4z14AaABAg,2025-08-01T07:47:56Z,Good improvement in trash. Thank you!,Sanitation,Feedback,https://www.youtube.com/watch?v=UcR0uNA0y9g
UgyPJfIbBxsIOjhXteR4AaABAg,2025-08-01T05:44:09Z,There is an issue with ಸರಬರಾಜು. Please fix it soon.,Water Supply,Complaint,https://www.youtube.com/watch?v=UcR0uNA0y9g
UgxxLpvOuTdjopm9INh4AaABAg,2025-08-01T05:06:29Z,People are facing trouble due to ರಸ್ತೆ. ಇದು ತಕ್ಷಣ ಸರಿಪಡಿಸಿ.,Roads & Infrastructure,Complaint,https://www.youtube.com/watch?v=UcR0uNA0y9g
UgyJeaIvwK9DF4ODZJV4AaABAg,2025-08-01T04:57:27Z,waste service handled very well. Appreciated.,Sanitation,Feedback,https://www.youtube.com/watch?v=UcR0uNA0y9g
Ugzm4zfPFmbVeCNIsrZ4AaABAg,2025-08-01T04:51:57Z,The condition of ಆರೋಗ್ಯ needs urgent attention.,Health & Environment,Complaint,https://www.youtube.com/watch?v=UcR0uNA0y9g
UgzoNPtDWGCx_XMBm4Z4AaABAg,2025-08-01T02:28:09Z,Good improvement in garbage. Thank you!,Sanitation,Feedback,https://www.youtube.com/watch?v=UcR0uNA0y9g
UgwuU7FbbPoUmMpcI5d4AaABAg,2025-07-31T18:14:35Z,Good improvement in garbage. Thank you!,Sanitation,Feedback,https://www.youtube.com/watch?v=UcR0uNA0y9g
UgzBL6UiEbG-p-YPG1x4AaABAg,2025-07-31T17:35:17Z,Great response regarding ಕಸ. ಧನ್ಯವಾದಗಳು!,Sanitation,Feedback,https://www.youtube.com/watch?v=UcR0uNA0y9g
UgwjqO7y9oiFcKE8aaF4AaABAg,2025-07-31T13:39:57Z,There is an issue with ಕಸ. Please fix it soon.,Sanitation,Complaint,https://www.youtube.com/watch?v=UcR0uNA0y9g
UgyqTG7VZoMqH-MZiiR4AaABAg,2025-07-31T12:42:45Z,Good improvement in trash. Thank you!,Sanitation,Feedback,https://www.youtube.com/watch?v=UcR0uNA0y9g
UgxBAJDwb8hdiiith6J4AaABAg,2025-07-31T10:20:54Z,Good improvement in garbage. Thank you!,Sanitation,Feedback,https://www.youtube.com/watch?v=UcR0uNA0y9g
UgyK_fMn9j5J4O6ZGnd4AaABAg,2025-07-31T08:33:44Z,ತ್ಯಾಜ್ಯ problem is causing inconvenience. Request quick action.,Sanitation,Complaint,https://www.youtube.com/watch?v=UcR0uNA0y9g
Ugwi6dide7UK0wf5j2J4AaABAg,2025-07-31T08:24:11Z,Happy with the recent work on cleaning. Keep going.,Sanitation,Feedback,https://www.youtube.com/watch?v=UcR0uNA0y9g
UgwyRb7qLZPfQgxBLet4AaABAg,2025-07-31T07:30:12Z,Good improvement in ಸ್ವಚ್ಛತೆ. Thank you!,Sanitation,Feedback,https://www.youtube.com/watch?v=UcR0uNA0y9g
Ugz0SA0JMK1PLqXLR6J4AaABAg,2025-07-31T07:21:35Z,Happy with the recent work on waste. Keep going.,Sanitation,Feedback,https://www.youtube.com/watch?v=UcR0uNA0y9g
UgzjagJF3GwKe02tju94AaABAg,2025-07-31T03:47:20Z,People are facing trouble due to ಸ್ವಚ್ಛತೆ. ಇದು ತಕ್ಷಣ ಸರಿಪಡಿಸಿ.,Sanitation,Complaint,https://www.youtube.com/watch?v=UcR0uNA0y9g
UgzLwbV__-52BbcNUdd4AaABAg,2025-07-31T03:07:22Z,People are facing trouble due to garbage. ಇದು ತಕ್ಷಣ ಸರಿಪಡಿಸಿ.,Sanitation,Complaint,https://www.youtube.com/watch?v=UcR0uNA0y9g
Ugz2JsUPMRVxa1ddpTt4AaABAg,2025-07-31T03:05:12Z,Positive changes seen in ಸರಬರಾಜು. Thanks team.,Water Supply,Feedback,https://www.youtube.com/watch?v=UcR0uNA0y9g
Ugzsr00kSHSY_UKovzF4AaABAg,2025-07-31T01:58:46Z,The condition of cleaning needs urgent attention.,Sanitation,Complaint,https://www.youtube.com/watch?v=UcR0uNA0y9g
Ugz81cZKrKdDI4w07YB4AaABAg,2025-07-31T00:30:25Z,Great response regarding ಸ್ವಚ್ಛತೆ. ಧನ್ಯವಾದಗಳು!,Sanitation,Feedback,https://www.youtube.com/watch?v=UcR0uNA0y9g
Ugyr--WK3ispuBPecgx4AaABAg,2025-07-30T22:49:39Z,Great response regarding ಸೇತುವೆ. ಧನ್ಯವಾದಗಳು!,Roads & Infrastructure,Feedback,https://www.youtube.com/watch?v=UcR0uNA0y9g
UgwJMRjISC8xTGKGYu54AaABAg,2025-07-30T19:06:47Z,waste service handled very well. Appreciated.,Sanitation,Feedback,https://www.youtube.com/watch?v=UcR0uNA0y9g
UgwNzaRt_7izu01fV094AaABAg,2025-07-30T17:21:47Z,Great response regarding waste. ಧನ್ಯವಾದಗಳು!,Sanitation,Feedback,https://www.youtube.com/watch?v=UcR0uNA0y9g
UgyXlr_JhO3QEUFYMWR4AaABAg,2025-07-30T17:12:46Z,There is an issue with ತ್ಯಾಜ್ಯ. Please fix it soon.,Sanitation,Complaint,https://www.youtube.com/watch?v=UcR0uNA0y9g
UgxiehN9pmQkauOLI1V4AaABAg,2025-07-30T15:29:09Z,ಸ್ವಚ್ಛತೆ problem is causing inconvenience. Request quick action.,Sanitation,Complaint,https://www.youtube.com/watch?v=UcR0uNA0y9g
UgxTC-78NKRyRV7_trt4AaABAg,2025-07-30T14:57:39Z,garbage problem is causing inconvenience. Request quick action.,Sanitation,Complaint,https://www.youtube.com/watch?v=UcR0uNA0y9g
Ugy074xSbaeBhEO3Rsd4AaABAg,2025-07-30T14:22:21Z,Positive changes seen in waste. Thanks team.,Sanitation,Feedback,https://www.youtube.com/watch?v=UcR0uNA0y9g
UgzuFikF1eqrJdpfoeZ4AaABAg,2025-07-30T14:03:31Z,People are facing trouble due to ಕಸ. ಇದು ತಕ್ಷಣ ಸರಿಪಡಿಸಿ.,Sanitation,Complaint,https://www.youtube.com/watch?v=UcR0uNA0y9g
UgxyY3WD-LKPi6DtD4B4AaABAg,2025-07-30T13:21:36Z,ತ್ಯಾಜ್ಯ problem is causing inconvenience. Request quick action.,Sanitation,Complaint,https://www.youtube.com/watch?v=UcR0uNA0y9g
Ugwbx7EJ8JRZ6AG2DY94AaABAg,2025-07-30T12:28:05Z,ಆರೋಗ್ಯ problem is causing inconvenience. Request quick action.,Health & Environment,Complaint,https://www.youtube.com/watch?v=UcR0uNA0y9g
UgyNKaZJ973EVuMQ4aR4AaABAg,2025-07-30T09:48:16Z,There is an issue with street. Please fix it soon.,Roads & Infrastructure,Complaint,https://www.youtube.com/watch?v=UcR0uNA0y9g
UgwLvnOSg0urFOfrgj14AaABAg,2025-07-30T08:16:26Z,The condition of cleaning needs urgent attention.,Sanitation,Complaint,https://www.youtube.com/watch?v=UcR0uNA0y9g
UgwI3-3GDp_k7e-zG0Z4AaABAg,2025-07-30T07:26:43Z,Good improvement in street. Thank you!,Roads & Infrastructure,Feedback,https://www.youtube.com/watch?v=UcR0uNA0y9g
UgymloSnbERT7wLZ8V54AaABAg,2025-07-30T06:39:46Z,چರಂಡಿ has not been working properly. Kindly repair it.,Health & Environment,Complaint,https://www.youtube.com/watch?v=UcR0uNA0y9g
UgxmpVZDF7y6smBoWC54AaABAg,2025-07-30T01:35:35Z,Great response regarding trash. ಧನ್ಯವಾದಗಳು!,Sanitation,Feedback,https://www.youtube.com/watch?v=UcR0uNA0y9g
Ugyxc17hUU8_zBobCSh4AaABAg,2025-07-29T15:59:29Z,People are facing trouble due to trash. ಇದು ತಕ್ಷಣ ಸರಿಪಡಿಸಿ.,Sanitation,Complaint,https://www.youtube.com/watch?v=UcR0uNA0y9g
UgzMEknDg4KKVOPrMhF4AaABAg,2025-07-29T14:37:03Z,Positive changes seen in waste. Thanks team.,Sanitation,Feedback,https://www.youtube.com/watch?v=UcR0uNA0y9g
UgwuFZTLbsGVcx3Lopp4AaABAg,2025-07-29T08:01:38Z,waste problem is causing inconvenience. Request quick action.,Sanitation,Complaint,https://www.youtube.com/watch?v=UcR0uNA0y9g
UgwXfAwC4iiXKIzXUa54AaABAg,2025-07-29T04:26:21Z,Good improvement in cleaning. Thank you!,Sanitation,Feedback,https://www.youtube.com/watch?v=UcR0uNA0y9g
UgyfxGAxQt3I0cIKp2J4AaABAg,2025-07-29T03:06:55Z,Great response regarding drinking. ಧನ್ಯವಾದಗಳು!,Water Supply,Feedback,https://www.youtube.com/watch?v=UcR0uNA0y9g
Ugw3lU1tMKYyxX1gt6l4AaABAg,2025-07-28T16:12:14Z,The condition of ಕಸ needs urgent attention.,Sanitation,Complaint,https://www.youtube.com/watch?v=UcR0uNA0y9g
UgxbCXy5MuBvtZWleeZ4AaABAg,2025-07-28T13:29:24Z,ಕಸ has not been working properly. Kindly repair it.,Sanitation,Complaint,https://www.youtube.com/watch?v=UcR0uNA0y9g
Ugz5FTOyLBhG5W_V6Jl4AaABAg,2025-07-28T11:52:08Z,Happy with the recent work on ತ್ಯಾಜ್ಯ. Keep going.,Sanitation,Feedback,https://www.youtube.com/watch?v=UcR0uNA0y9g
UgwE1TZaVdgqqGPBdy94AaABAg,2025-07-28T07:57:07Z,Happy with the recent work on waste. Keep going.,Sanitation,Feedback,https://www.youtube.com/watch?v=UcR0uNA0y9g
Ugz1iBjcYxmLd2QMCAp4AaABAg,2025-07-28T04:39:22Z,People are facing trouble due to ತ್ಯಾಜ್ಯ. ಇದು ತಕ್ಷಣ ಸರಿಪಡಿಸಿ.,Sanitation,Complaint,https://www.youtube.com/watch?v=UcR0uNA0y9g
Ugx1vuXFNwv5dN5u37x4AaABAg,2025-07-28T04:08:23Z,ಸ್ವಚ್ಛತೆ has not been working properly. Kindly repair it.,Sanitation,Complaint,https://www.youtube.com/watch?v=UcR0uNA0y9g
Ugz_edZBH5tOizSfwKx4AaABAg,2025-07-27T23:45:26Z,Positive changes seen in garbage. Thanks team.,Sanitation,Feedback,https://www.youtube.com/watch?v=UcR0uNA0y9g
Ugy_GPalZUXPXjtWGz54AaABAg,2025-07-27T19:44:33Z,People are facing trouble due to ಕಸ. ಇದು ತಕ್ಷಣ ಸರಿಪಡಿಸಿ.,Sanitation,Complaint,https://www.youtube.com/watch?v=UcR0uNA0y9g
UgwxmeUDUCiNgYW3leR4AaABAg,2025-07-27T19:16:14Z,The condition of street needs urgent attention.,Roads & Infrastructure,Complaint,https://www.youtube.com/watch?v=UcR0uNA0y9g
Ugy5GhxVuZnUyFvSZbR4AaABAg,2025-07-27T18:39:12Z,Happy with the recent work on waste. Keep going.,Sanitation,Feedback,https://www.youtube.com/watch?v=UcR0uNA0y9g
UgziobEmvYcTeNLsIKd4AaABAg,2025-07-27T18:02:56Z,Happy with the recent work on ಕಸ. Keep going.,Sanitation,Feedback,https://www.youtube.com/watch?v=UcR0uNA0y9g
Ugzw_NX517R-clMQQfN4AaABAg,2025-07-27T16:03:17Z,cleaning service handled very well. Appreciated.,Sanitation,Feedback,https://www.youtube.com/watch?v=UcR0uNA0y9g
Ugzc0u6dA7Ti1wNBel94AaABAg,2025-07-27T15:39:44Z,The condition of cleaning needs urgent attention.,Sanitation,Complaint,https://www.youtube.com/watch?v=UcR0uNA0y9g
Ugw7nO9jNF9gyf4LmuN4AaABAg,2025-07-27T15:37:34Z,Happy with the recent work on ತ್ಯಾಜ್ಯ. Keep going.,Sanitation,Feedback,https://www.youtube.com/watch?v=UcR0uNA0y9g
UgwygUUlDvjwXjy5VOR4AaABAg,2025-07-27T15:15:13Z,Good improvement in ಕಸ. Thank you!,Sanitation,Feedback,https://www.youtube.com/watch?v=UcR0uNA0y9g
UgwItBhSsOIPoznEkUl4AaABAg,2025-07-27T13:01:01Z,Positive changes seen in trash. Thanks team.,Sanitation,Feedback,https://www.youtube.com/watch?v=UcR0uNA0y9g
UgxE76f1cRf-oGvdIPl4AaABAg,2025-07-27T12:38:24Z,People are facing trouble due to ರಸ್ತೆ. ಇದು ತಕ್ಷಣ ಸರಿಪಡಿಸಿ.,Roads & Infrastructure,Complaint,https://www.youtube.com/watch?v=UcR0uNA0y9g
Ugyuz_hvYOEaE8mGHKx4AaABAg,2025-07-27T12:32:27Z,Happy with the recent work on power. Keep going.,Electrical,Feedback,https://www.youtube.com/watch?v=UcR0uNA0y9g
UgzVzCN-LY5gU-o667t4AaABAg,2025-07-27T11:51:52Z,cleaning service handled very well. Appreciated.,Sanitation,Feedback,https://www.youtube.com/watch?v=UcR0uNA0y9g
UgyRLiBebFzS80suZcF4AaABAg,2025-07-27T11:46:49Z,ಕಸ problem is causing inconvenience. Request quick action.,Sanitation,Complaint,https://www.youtube.com/watch?v=UcR0uNA0y9g
UgwLemJ9azVLNaw5goZ4AaABAg,2025-07-27T11:09:23Z,Happy with the recent work on electricity. Keep going.,Electrical,Feedback,https://www.youtube.com/watch?v=UcR0uNA0y9g
UgxZE7Q-Ue6_vc2IJ9V4AaABAg,2025-07-27T10:35:15Z,People are facing trouble due to bridge. ಇದು ತಕ್ಷಣ ಸರಿಪಡಿಸಿ.,Roads & Infrastructure,Complaint,https://www.youtube.com/watch?v=UcR0uNA0y9g
UgyJQLzRoxOJV7oStV94AaABAg,2025-07-27T09:53:08Z,Good improvement in garbage. Thank you!,Sanitation,Feedback,https://www.youtube.com/watch?v=UcR0uNA0y9g
Ugw51NhUtTmkxIpCUip4AaABAg,2025-07-27T07:51:14Z,The condition of health needs urgent attention.,Health & Environment,Complaint,https://www.youtube.com/watch?v=UcR0uNA0y9g
Ugxn5vWi34zBo1P6LaR4AaABAg,2025-07-27T06:19:22Z,Positive changes seen in electricity. Thanks team.,Electrical,Feedback,https://www.youtube.com/watch?v=UcR0uNA0y9g
UgyXwrxfalY_SfKZ4Ot4AaABAg,2025-10-31T10:47:53Z,Great response regarding waste. ಧನ್ಯವಾದಗಳು!,Sanitation,Feedback,https://www.youtube.com/watch?v=mEfnMSkzPi4
UgxZWlIxcG4ORnTd85x4AaABAg,2025-10-31T08:46:28Z,Great response regarding ಬೀದಿ. ಧನ್ಯವಾದಗಳು!,Roads & Infrastructure,Feedback,https://www.youtube.com/watch?v=mEfnMSkzPi4
UgzuNG_UyGt2NUv6i3h4AaABAg,2025-10-31T05:46:08Z,Happy with the recent work on waste. Keep going.,Sanitation,Feedback,https://www.youtube.com/watch?v=mEfnMSkzPi4
UgzPkkmolyQNK7QZpjx4AaABAg,2025-10-31T04:38:59Z,Positive changes seen in trash. Thanks team.,Sanitation,Feedback,https://www.youtube.com/watch?v=mEfnMSkzPi4
UgwNq7xg0KqggJM4Hdd4AaABAg,2025-10-30T17:19:30Z,There is an issue with ಕಸ. Please fix it soon.,Sanitation,Complaint,https://www.youtube.com/watch?v=mEfnMSkzPi4
Ugxdl9beTuRK7QiWDNd4AaABAg,2025-10-30T13:45:27Z,Good improvement in cleaning. Thank you!,Sanitation,Feedback,https://www.youtube.com/watch?v=mEfnMSkzPi4
UgyooHP1wWf-iUm2NFF4AaABAg,2020-12-16T18:45:55Z,The condition of property needs urgent attention.,Revenue/Tax,Complaint,https://www.youtube.com/watch?v=H_TOKdORJZ8
UgzFGUKjWQItk_xVzrJ4AaABAg,2025-11-02T05:38:19Z,Positive changes seen in ತ್ಯಾಜ್ಯ. Thanks team.,Sanitation,Feedback,https://www.youtube.com/watch?v=WKnVmSDxZ6E
UgwdDY0OIkCqIxQ-qIx4AaABAg,2024-09-20T09:34:00Z,Happy with the recent work on ಕಸ. Keep going.,Sanitation,Feedback,https://www.youtube.com/watch?v=6yBbJD-Th9w
UgzAdyLd5tX5wssQwv54AaABAg,2023-05-29T13:25:09Z,Great response regarding ರಸ್ತೆ. ಧನ್ಯವಾದಗಳು!,Roads & Infrastructure,Feedback,https://www.youtube.com/watch?v=bv4_pVVPOzc
UgzZUUUNa9LbdKCcPpV4AaABAg,2023-07-23T16:35:47Z,Good improvement in ತ್ಯಾಜ್ಯ. Thank you!,Sanitation,Feedback,https://www.youtube.com/watch?v=1yHlkV18wTA
Ugziqn8dnnUVS-0qmgJ4AaABAg,2022-09-29T13:01:53Z,Positive changes seen in bill. Thanks team.,Revenue/Tax,Feedback,https://www.youtube.com/watch?v=fJn3m9ypjrg
UgzfLmkNTKBn0vqPUu54AaABAg,2022-02-04T11:06:09Z,Happy with the recent work on cleaning. Keep going.,Sanitation,Feedback,https://www.youtube.com/watch?v=m9whCRjAdgE
UgxPyrp3e8qwlt47aXV4AaABAg,2022-02-03T07:47:22Z,Good improvement in payment. Thank you!,Revenue/Tax,Feedback,https://www.youtube.com/watch?v=m9whCRjAdgE
UgzgMxU9RmiYq2bJXKF4AaABAg,2022-02-03T07:40:31Z,Positive changes seen in ಕಸ. Thanks team.,Sanitation,Feedback,https://www.youtube.com/watch?v=m9whCRjAdgE
UgwGsLvX_AWEcpbHjs14AaABAg,2021-05-07T08:04:31Z,Positive changes seen in streetlight. Thanks team.,Electrical,Feedback,https://www.youtube.com/watch?v=DOosPkDsM44
UgyFrKPMp3msvJrcpbp4AaABAg,2022-07-30T16:41:28Z,Good improvement in pollution. Thank you!,Health & Environment,Feedback,https://www.youtube.com/watch?v=DUefCVyr144
Ugyvui1ZrJxlb9SpU914AaABAg,2022-07-30T15:26:05Z,Happy with the recent work on ತ್ಯಾಜ್ಯ. Keep going.,Sanitation,Feedback,https://www.youtube.com/watch?v=DUefCVyr144
UgyMtVzaRh97sjmaJOl4AaABAg,2022-12-19T12:05:06Z,Good improvement in ಸೇತುವೆ. Thank you!,Roads & Infrastructure,Feedback,https://www.youtube.com/watch?v=be2692KtGrY
Ugwa98zzrJHLkMZHC0J4AaABAg,2025-11-27T01:38:29Z,cleaning service handled very well. Appreciated.,Sanitation,Feedback,https://www.youtube.com/watch?v=ryMZ7gzQ0VU
UgxulTnqa66eB6JxA7p4AaABAg,2025-11-26T18:56:54Z,There is an issue with ರಸ್ತೆ. Please fix it soon.,Roads & Infrastructure,Complaint,https://www.youtube.com/watch?v=ryMZ7gzQ0VU
UgwQJUidWLaHBpg3Qrt4AaABAg,2025-11-26T17:10:33Z,trash service handled very well. Appreciated.,Sanitation,Feedback,https://www.youtube.com/watch?v=ryMZ7gzQ0VU
UgwwO2mjMwHbZvyfhul4AaABAg,2025-11-26T15:11:58Z,ಕಸ service handled very well. Appreciated.,Sanitation,Feedback,https://www.youtube.com/watch?v=ryMZ7gzQ0VU
UgyyzIzakmMBJ4vYKfV4AaABAg,2023-12-13T17:17:46Z,Positive changes seen in bridge. Thanks team.,Roads & Infrastructure,Feedback,https://www.youtube.com/watch?v=0bDUm9k0FaI
Ugwg_fnpH-FlEFiLPTx4AaABAg,2023-09-17T17:51:10Z,Positive changes seen in ರಸ್ತೆ. Thanks team.,Roads & Infrastructure,Feedback,https://www.youtube.com/watch?v=0bDUm9k0FaI
UgzUm53o07WZovdrIZd4AaABAg,2025-07-26T12:33:04Z,Happy with the recent work on street. Keep going.,Roads & Infrastructure,Feedback,https://www.youtube.com/watch?v=PVogQrhLTL8
UgxzSDGe6-dIT0e79Yh4AaABAg,2021-11-25T13:59:06Z,Good improvement in ರಸ್ತೆ. Thank you!,Roads & Infrastructure,Feedback,https://www.youtube.com/watch?v=zDSHNzvFcpI
UgzBCg9-Flk5NBSwd_R4AaABAg,2022-07-01T07:31:12Z,The condition of ರಸ್ತೆ needs urgent attention.,Roads & Infrastructure,Complaint,https://www.youtube.com/watch?v=JJJOMnjZMjM
UgzGhmNRc_wF9KDmP8R4AaABAg,2022-05-14T18:16:04Z,People are facing trouble due to pothhole. ಇದು ತಕ್ಷಣ ಸರಿಪಡಿಸಿ.,Roads & Infrastructure,Complaint,https://www.youtube.com/watch?v=JJJOMnjZMjM
UgxyDx52fVs--_kIaw14AaABAg,2020-09-21T00:12:28Z,ಬೀದಿ service handled very well. Appreciated.,Roads & Infrastructure,Feedback,https://www.youtube.com/watch?v=WfqjMJyWmXk
Ugwppb1_CVUSnAu47gl4AaABAg,2020-09-15T13:40:15Z,Happy with the recent work on pothhole. Keep going.,Roads & Infrastructure,Feedback,https://www.youtube.com/watch?v=WfqjMJyWmXk
UgzKRg76APxIf5qfRgN4AaABAg,2020-09-15T13:31:50Z,There is an issue with ತೆರಿಗೆ. Please fix it soon.,Revenue/Tax,Complaint,https://www.youtube.com/watch?v=WfqjMJyWmXk
UgzD2qhsLZo4HYNP7GZ4AaABAg,2020-09-14T05:34:28Z,ತೆರಿಗೆ service handled very well. Appreciated.,Revenue/Tax,Feedback,https://www.youtube.com/watch?v=WfqjMJyWmXk
UgzqWzQ6kZhYwASZyYZ4AaABAg,2020-09-14T05:13:56Z,Happy with the recent work on tax. Keep going.,Revenue/Tax,Feedback,https://www.youtube.com/watch?v=WfqjMJyWmXk
UgyE0WhX8u8HUO024Vl4AaABAg,2021-11-06T13:37:51Z,Good improvement in bridge. Thank you!,Roads & Infrastructure,Feedback,https://www.youtube.com/watch?v=KaiF5ErDuUo
Ugx71nViHMGebtM1dUl4AaABAg,2025-08-05T13:52:45Z,property service handled very well. Appreciated.,Revenue/Tax,Feedback,https://www.youtube.com/watch?v=qS35F7U7j58
UgxSl-jJLJeiq5TB1P14AaABAg,2025-04-06T06:45:25Z,Positive changes seen in ಬಿಲ್. Thanks team.,Revenue/Tax,Feedback,https://www.youtube.com/watch?v=qS35F7U7j58
Ugwztu1yMcMc7PyufYN4AaABAg,2025-04-05T13:30:39Z,Positive changes seen in property. Thanks team.,Revenue/Tax,Feedback,https://www.youtube.com/watch?v=qS35F7U7j58
Ugzcy4NpXpeZBKwQhwJ4AaABAg,2025-01-22T01:56:07Z,Happy with the recent work on tax. Keep going.,Revenue/Tax,Feedback,https://www.youtube.com/watch?v=qS35F7U7j58
UgzAuEbx-DC9C_QzzCJ4AaABAg,2024-10-16T09:17:29Z,Happy with the recent work on property. Keep going.,Revenue/Tax,Feedback,https://www.youtube.com/watch?v=qS35F7U7j58
UgwmKcwMe84IpE7m18Z4AaABAg,2024-05-25T15:50:28Z,There is an issue with bill. Please fix it soon.,Revenue/Tax,Complaint,https://www.youtube.com/watch?v=qS35F7U7j58
UgwmfV1gbf7iVzc4L5p4AaABAg,2024-05-09T10:27:09Z,payment has not been working properly. Kindly repair it.,Revenue/Tax,Complaint,https://www.youtube.com/watch?v=qS35F7U7j58
UgxtmY4ECxtP8c6nZFJ4AaABAg,2024-03-30T06:25:35Z,Great response regarding bill. ಧನ್ಯವಾದಗಳು!,Revenue/Tax,Feedback,https://www.youtube.com/watch?v=qS35F7U7j58
UgyPXKlzAzdYWONnA-14AaABAg,2025-06-29T18:37:46Z,Positive changes seen in bill. Thanks team.,Revenue/Tax,Feedback,https://www.youtube.com/watch?v=dh3NiU6wpxE
UgwAfbmJ-DtZYmyFhB54AaABAg,2025-06-29T14:33:04Z,There is an issue with property. Please fix it soon.,Revenue/Tax,Complaint,https://www.youtube.com/watch?v=dh3NiU6wpxE
Ugwhp3NmJmSDgS9ojq54AaABAg,2025-04-26T07:47:15Z,Good improvement in payment. Thank you!,Revenue/Tax,Feedback,https://www.youtube.com/watch?v=SYKcMXmk0Bw
UgyOv0goc27Vb1t8BfN4AaABAg,2025-04-14T09:13:20Z,There is an issue with payment. Please fix it soon.,Revenue/Tax,Complaint,https://www.youtube.com/watch?v=SYKcMXmk0Bw
Ugwrvi33Ys2SCpybGmt4AaABAg,2025-04-10T15:35:40Z,People are facing trouble due to tax. ಇದು ತಕ್ಷಣ ಸರಿಪಡಿಸಿ.,Revenue/Tax,Complaint,https://www.youtube.com/watch?v=SYKcMXmk0Bw
Ugw-D1_VlfM8GRoNFzR4AaABAg,2025-04-10T08:13:17Z,Good improvement in bill. Thank you!,Revenue/Tax,Feedback,https://www.youtube.com/watch?v=SYKcMXmk0Bw
UgxJdgZcjv2DSPR0RcB4AaABAg,2025-04-10T06:53:48Z,Positive changes seen in bill. Thanks team.,Revenue/Tax,Feedback,https://www.youtube.com/watch?v=SYKcMXmk0Bw
UgzNve7HOM3Uu__CJSh4AaABAg,2025-04-09T18:59:54Z,Great response regarding payment. ಧನ್ಯವಾದಗಳು!,Revenue/Tax,Feedback,https://www.youtube.com/watch?v=SYKcMXmk0Bw
Ugxz7-2wW2T8P7WZOGd4AaABAg,2025-04-09T09:58:12Z,tax service handled very well. Appreciated.,Revenue/Tax,Feedback,https://www.youtube.com/watch?v=SYKcMXmk0Bw
UgxNaPFpRpjDSTZ9sBR4AaABAg,2025-04-09T06:52:37Z,Great response regarding bill. ಧನ್ಯವಾದಗಳು!,Revenue/Tax,Feedback,https://www.youtube.com/watch?v=SYKcMXmk0Bw
UgzC9sP6NcJOuNpf5794AaABAg,2025-04-08T18:03:12Z,Good improvement in tax. Thank you!,Revenue/Tax,Feedback,https://www.youtube.com/watch?v=SYKcMXmk0Bw
UgwQHqGp9aAfqk3fZr14AaABAg,2025-04-08T15:00:01Z,Good improvement in bill. Thank you!,Revenue/Tax,Feedback,https://www.youtube.com/watch?v=SYKcMXmk0Bw
Ugz886YqCcIz7ZlFNSh4AaABAg,2025-01-22T01:54:38Z,Good improvement in tax. Thank you!,Revenue/Tax,Feedback,https://www.youtube.com/watch?v=WnNM15T_ZD4
UgwoMKaze_e39X6qA9d4AaABAg,2024-04-28T08:15:19Z,Great response regarding ತೆರಿಗೆ. ಧನ್ಯವಾದಗಳು!,Revenue/Tax,Feedback,https://www.youtube.com/watch?v=WnNM15T_ZD4
UgzA20Qyj3nOzXvpYKd4AaABAg,2022-07-23T06:05:03Z,bill service handled very well. Appreciated.,Revenue/Tax,Feedback,https://www.youtube.com/watch?v=WnNM15T_ZD4
Ugxa2YpIihc4w2l8b5h4AaABAg,2021-07-25T20:37:43Z,property problem is causing inconvenience. Request quick action.,Revenue/Tax,Complaint,https://www.youtube.com/watch?v=WnNM15T_ZD4
UgzvA_SGk5gVrPiE27Z4AaABAg,2021-07-06T21:00:26Z,Happy with the recent work on payment. Keep going.,Revenue/Tax,Feedback,https://www.youtube.com/watch?v=WnNM15T_ZD4
UgywfihEsSfaUgzYgpB4AaABAg,2021-06-04T08:25:36Z,bridge problem is causing inconvenience. Request quick action.,Roads & Infrastructure,Complaint,https://www.youtube.com/watch?v=WnNM15T_ZD4
UgzKgs9D94iZhBzS4vZ4AaABAg,2021-04-27T12:21:54Z,The condition of ಬಿಲ್ needs urgent attention.,Revenue/Tax,Complaint,https://www.youtube.com/watch?v=WnNM15T_ZD4
Ugw_HaPZAEhtL6m6Zm14AaABAg,2021-01-17T13:00:27Z,Great response regarding bill. ಧನ್ಯವಾದಗಳು!,Revenue/Tax,Feedback,https://www.youtube.com/watch?v=WnNM15T_ZD4
Ugxwwz8YkDI1BjlBOIN4AaABAg,2020-12-09T21:13:41Z,Positive changes seen in bill. Thanks team.,Revenue/Tax,Feedback,https://www.youtube.com/watch?v=WnNM15T_ZD4
Ugw9UgdGY7n52_E8d1t4AaABAg,2020-10-20T17:23:05Z,Happy with the recent work on tax. Keep going.,Revenue/Tax,Feedback,https://www.youtube.com/watch?v=WnNM15T_ZD4
Ugz4-1fuxLewSm9B3PF4AaABAg,2020-08-08T06:36:35Z,Great response regarding payment. ಧನ್ಯವಾದಗಳು!,Revenue/Tax,Feedback,https://www.youtube.com/watch?v=WnNM15T_ZD4
UgxHi-FOk4Y1uwDfPTd4AaABAg,2020-05-25T14:47:30Z,Good improvement in ಬಿಲ್. Thank you!,Revenue/Tax,Feedback,https://www.youtube.com/watch?v=WnNM15T_ZD4
Ugwp5qY7i9GEMa4SKTV4AaABAg,2020-05-21T08:48:00Z,Positive changes seen in bill. Thanks team.,Revenue/Tax,Feedback,https://www.youtube.com/watch?v=WnNM15T_ZD4
Ugwvr7tbG78Xa7qoz2Z4AaABAg,2020-05-16T14:13:23Z,property service handled very well. Appreciated.,Revenue/Tax,Feedback,https://www.youtube.com/watch?v=WnNM15T_ZD4
UgzckHq_8AUWQECWdwB4AaABAg,2020-04-28T12:39:07Z,Great response regarding payment. ಧನ್ಯವಾದಗಳು!,Revenue/Tax,Feedback,https://www.youtube.com/watch?v=WnNM15T_ZD4
UgwfBUK07MC9z_0yPRZ4AaABAg,2020-04-27T00:48:59Z,There is an issue with bill. Please fix it soon.,Revenue/Tax,Complaint,https://www.youtube.com/watch?v=WnNM15T_ZD4
Ugw4elKH5bgj3-hwESV4AaABAg,2025-09-21T10:56:10Z,Good improvement in tax. Thank you!,Revenue/Tax,Feedback,https://www.youtube.com/watch?v=_BosGUq7hFk
UgyeT8chvnHhZswJWXl4AaABAg,2025-11-19T11:45:39Z,Great response regarding ತೆರಿಗೆ. ಧನ್ಯವಾದಗಳು!,Revenue/Tax,Feedback,https://www.youtube.com/watch?v=i82mvFFXbTk
Ugxay22xdp20ShPWUzV4AaABAg,2025-08-14T15:34:50Z,payment service handled very well. Appreciated.,Revenue/Tax,Feedback,https://www.youtube.com/watch?v=i82mvFFXbTk
UgzNloYdrlPTLbomvpZ4AaABAg,2025-06-01T13:06:11Z,Great response regarding ಬಿಲ್. ಧನ್ಯವಾದಗಳು!,Revenue/Tax,Feedback,https://www.youtube.com/watch?v=i82mvFFXbTk
UgyZSxJmr6YQXvm3Cwx4AaABAg,2024-02-02T01:44:42Z,property has not been working properly. Kindly repair it.,Revenue/Tax,Complaint,https://www.youtube.com/watch?v=o_GkvS6glsQ
Ugw4YYAlVdP18qPumoV4AaABAg,2025-11-15T07:11:52Z,Happy with the recent work on tax. Keep going.,Revenue/Tax,Feedback,https://www.youtube.com/watch?v=LctIqNKd1xA
UgxC9agJGeDeEaimEEV4AaABAg,2025-08-03T20:23:17Z,Positive changes seen in payment. Thanks team.,Revenue/Tax,Feedback,https://www.youtube.com/watch?v=LctIqNKd1xA
Ugw8UX-0WERNN3DKVV94AaABAg,2025-08-01T16:18:46Z,The condition of bill needs urgent attention.,Revenue/Tax,Complaint,https://www.youtube.com/watch?v=LctIqNKd1xA
Ugzoo7MZI4DUaOpyaeR4AaABAg,2025-07-31T19:21:43Z,power problem is causing inconvenience. Request quick action.,Electrical,Complaint,https://www.youtube.com/watch?v=LctIqNKd1xA
UgyF6phb5AYeoAdvXr14AaABAg,2025-07-30T09:36:30Z,Great response regarding ತೆರಿಗೆ. ಧನ್ಯವಾದಗಳು!,Revenue/Tax,Feedback,https://www.youtube.com/watch?v=LctIqNKd1xA
UgxJY2RvYQ3YjS0rNn54AaABAg,2025-07-30T07:22:17Z,Positive changes seen in bill. Thanks team.,Revenue/Tax,Feedback,https://www.youtube.com/watch?v=LctIqNKd1xA
UgyUDL5cUf-ECBT4kTB4AaABAg,2025-07-29T12:20:38Z,Great response regarding bill. ಧನ್ಯವಾದಗಳು!,Revenue/Tax,Feedback,https://www.youtube.com/watch?v=LctIqNKd1xA
Ugx8nsi0FMpU7x5scih4AaABAg,2025-07-29T02:57:56Z,Positive changes seen in drinking. Thanks team.,Water Supply,Feedback,https://www.youtube.com/watch?v=LctIqNKd1xA
UgylzbUbPO4Zz0tY-L54AaABAg,2025-07-28T13:28:12Z,There is an issue with ತೆರಿಗೆ. Please fix it soon.,Revenue/Tax,Complaint,https://www.youtube.com/watch?v=LctIqNKd1xA
UgzW53TTBnqBBDt7rhF4AaABAg,2024-03-01T09:53:13Z,Good improvement in payment. Thank you!,Revenue/Tax,Feedback,https://www.youtube.com/watch?v=0IOiwMFQJwA
Ugw5eHc8zdG9cz-Emhl4AaABAg,2025-07-23T15:48:33Z,Good improvement in bill. Thank you!,Revenue/Tax,Feedback,https://www.youtube.com/watch?v=desBODc-8uQ
UgyrTgtPFwLChcwr9CJ4AaABAg,2025-06-09T12:42:54Z,Positive changes seen in tax. Thanks team.,Revenue/Tax,Feedback,https://www.youtube.com/watch?v=G5CG5ym4BBI
Ugzh-A7keZYZc0QM1nR4AaABAg,2023-07-12T05:36:17Z,Good improvement in ತೆರಿಗೆ. Thank you!,Revenue/Tax,Feedback,https://www.youtube.com/watch?v=5Rjw8923hUE
Ugyy1skmJNmIqVYf2Jh4AaABAg,2023-04-14T11:25:54Z,Positive changes seen in ತೆರಿಗೆ. Thanks team.,Revenue/Tax,Feedback,https://www.youtube.com/watch?v=5Rjw8923hUE
UgwT__yUU1qhg6kCs1R4AaABAg,2023-03-31T19:01:52Z,Good improvement in bill. Thank you!,Revenue/Tax,Feedback,https://www.youtube.com/watch?v=5Rjw8923hUE
Ugy-mp5XPHdHGmyV9AV4AaABAg,2023-03-16T15:59:34Z,Positive changes seen in tax. Thanks team.,Revenue/Tax,Feedback,https://www.youtube.com/watch?v=5Rjw8923hUE
Ugy5IAiVjkSOfPSe4PR4AaABAg,2022-05-26T04:19:51Z,There is an issue with bill. Please fix it soon.,Revenue/Tax,Complaint,https://www.youtube.com/watch?v=5Rjw8923hUE
Ugwus8OizOXFqH2aAwR4AaABAg,2021-08-17T16:05:02Z,The condition of ಬಿಲ್ needs urgent attention.,Revenue/Tax,Complaint,https://www.youtube.com/watch?v=5Rjw8923hUE
UgxeXWOtaOlgfZAmL9F4AaABAg,2021-04-01T07:50:18Z,There is an issue with bill. Please fix it soon.,Revenue/Tax,Complaint,https://www.youtube.com/watch?v=5Rjw8923hUE
Ugy3ufdqd-8gzqG3aVt4AaABAg,2021-01-27T15:50:23Z,The condition of tax needs urgent attention.,Revenue/Tax,Complaint,https://www.youtube.com/watch?v=5Rjw8923hUE
UgzDQklLfraqqhWDq554AaABAg,2020-10-12T18:30:31Z,People are facing trouble due to bill. ಇದು ತಕ್ಷಣ ಸರಿಪಡಿಸಿ.,Revenue/Tax,Complaint,https://www.youtube.com/watch?v=5Rjw8923hUE
Ugz6PnRHzCr3pG3P11J4AaABAg,2020-07-15T18:35:02Z,tax service handled very well. Appreciated.,Revenue/Tax,Feedback,https://www.youtube.com/watch?v=5Rjw8923hUE
UgzcDQAySnFVg5q4kfZ4AaABAg,2020-05-11T09:12:35Z,Positive changes seen in property. Thanks team.,Revenue/Tax,Feedback,https://www.youtube.com/watch?v=5Rjw8923hUE
Ugzy9pex4G5r1s_S7m14AaABAg,2020-01-05T05:06:01Z,payment problem is causing inconvenience. Request quick action.,Revenue/Tax,Complaint,https://www.youtube.com/watch?v=5Rjw8923hUE
UgygAp86x0lHexnr3tp4AaABAg,2019-10-19T21:25:29Z,Positive changes seen in tax. Thanks team.,Revenue/Tax,Feedback,https://www.youtube.com/watch?v=5Rjw8923hUE
UgxxcaB6b9lKSZdF6jV4AaABAg,2024-11-22T15:59:28Z,There is an issue with property. Please fix it soon.,Revenue/Tax,Complaint,https://www.youtube.com/watch?v=cu9Ym7b38k8
UgysfXU1JkSHRUAw6xl4AaABAg,2024-08-06T06:53:25Z,Good improvement in tax. Thank you!,Revenue/Tax,Feedback,https://www.youtube.com/watch?v=cu9Ym7b38k8
UgwovM_Pq8JrZa_By7J4AaABAg,2024-04-29T05:38:40Z,People are facing trouble due to ಸ್ವಚ್ಛತೆ. ಇದು ತಕ್ಷಣ ಸರಿಪಡಿಸಿ.,Sanitation,Complaint,https://www.youtube.com/watch?v=cu9Ym7b38k8
UgxO5FZhRvzV4Mrektt4AaABAg,2024-04-13T01:58:31Z,Great response regarding ಬಿಲ್. ಧನ್ಯವಾದಗಳು!,Revenue/Tax,Feedback,https://www.youtube.com/watch?v=cu9Ym7b38k8
UgzxvbuS_lYzYt0TTPp4AaABAg,2025-09-26T08:24:02Z,payment has not been working properly. Kindly repair it.,Revenue/Tax,Complaint,https://www.youtube.com/watch?v=h6Vkw5mtVDs
UgxqZAE1vYVmeBsuKHh4AaABAg,2025-06-19T15:18:18Z,Happy with the recent work on ಬಿಲ್. Keep going.,Revenue/Tax,Feedback,https://www.youtube.com/watch?v=h6Vkw5mtVDs
UgynB3cXE7G93_5vH_94AaABAg,2025-06-02T04:53:27Z,There is an issue with tax. Please fix it soon.,Revenue/Tax,Complaint,https://www.youtube.com/watch?v=h6Vkw5mtVDs
UgxEbzgRkWwp0V8XciJ4AaABAg,2025-08-19T17:57:20Z,ಬಿಲ್ service handled very well. Appreciated.,Revenue/Tax,Feedback,https://www.youtube.com/watch?v=anW9fCBobug
UgxXtjkscVnIQcdK2cp4AaABAg,2025-04-29T01:44:27Z,There is an issue with bridge. Please fix it soon.,Roads & Infrastructure,Complaint,https://www.youtube.com/watch?v=anW9fCBobug
UgzXQ3hK3GNUqHAODQ14AaABAg,2025-04-25T03:41:40Z,Positive changes seen in ಬೀದಿ. Thanks team.,Roads & Infrastructure,Feedback,https://www.youtube.com/watch?v=anW9fCBobug
UgwFxASi69N9dP4PHVZ4AaABAg,2025-04-24T17:28:29Z,Good improvement in ತೆರಿಗೆ. Thank you!,Revenue/Tax,Feedback,https://www.youtube.com/watch?v=anW9fCBobug
UgxP64TZFM8ZbEMBbCt4AaABAg,2025-04-21T06:45:35Z,supply problem is causing inconvenience. Request quick action.,Water Supply,Complaint,https://www.youtube.com/watch?v=anW9fCBobug
UgyO_eoxz-KU45BXyj14AaABAg,2025-04-20T11:43:42Z,Great response regarding pothhole. ಧನ್ಯವಾದಗಳು!,Roads & Infrastructure,Feedback,https://www.youtube.com/watch?v=anW9fCBobug
UgyTDjY7r_v_lIkpCKp4AaABAg,2025-04-20T02:49:37Z,ಬಿಲ್ has not been working properly. Kindly repair it.,Revenue/Tax,Complaint,https://www.youtube.com/watch?v=anW9fCBobug
Ugx-U_fRQztwkrnn0bF4AaABAg,2025-04-18T18:13:37Z,There is an issue with power. Please fix it soon.,Electrical,Complaint,https://www.youtube.com/watch?v=anW9fCBobug
UgxYtTCY6jfUPdp2ZJB4AaABAg,2025-04-18T01:49:42Z,Happy with the recent work on ರಸ್ತೆ. Keep going.,Roads & Infrastructure,Feedback,https://www.youtube.com/watch?v=anW9fCBobug
UgwMPiQik6aACFB01tF4AaABAg,2025-04-17T21:00:34Z,Good improvement in bill. Thank you!,Revenue/Tax,Feedback,https://www.youtube.com/watch?v=anW9fCBobug
UgxBmAuTuUVsfKyGngN4AaABAg,2025-04-17T18:38:01Z,Positive changes seen in ಸೊಳ್ಳೆ. Thanks team.,Health & Environment,Feedback,https://www.youtube.com/watch?v=anW9fCBobug
Ugz-pUrFI4Y1Vji_aZx4AaABAg,2025-04-17T00:01:22Z,ರಸ್ತೆ service handled very well. Appreciated.,Roads & Infrastructure,Feedback,https://www.youtube.com/watch?v=anW9fCBobug
Ugy7WupZ2I9eP5jwgR14AaABAg,2025-04-16T22:19:21Z,There is an issue with ಕಸ. Please fix it soon.,Sanitation,Complaint,https://www.youtube.com/watch?v=anW9fCBobug
UgwHM8RjDq1Qnsbkmu54AaABAg,2025-04-16T12:28:22Z,bridge problem is causing inconvenience. Request quick action.,Roads & Infrastructure,Complaint,https://www.youtube.com/watch?v=anW9fCBobug
Ugyj3tbuGC1_VlnIUzV4AaABAg,2025-04-16T07:36:14Z,ಸೇತುವೆ service handled very well. Appreciated.,Roads & Infrastructure,Feedback,https://www.youtube.com/watch?v=anW9fCBobug
UgxVIHIxLJN7njGsbt94AaABAg,2025-04-16T02:02:27Z,supply service handled very well. Appreciated.,Water Supply,Feedback,https://www.youtube.com/watch?v=anW9fCBobug
UgwW8WUfAHoqSIUsJMF4AaABAg,2025-04-15T09:53:42Z,Positive changes seen in payment. Thanks team.,Revenue/Tax,Feedback,https://www.youtube.com/watch?v=anW9fCBobug
Ugzh6Xm4mtYfQG-FVvh4AaABAg,2025-04-15T08:22:42Z,property has not been working properly. Kindly repair it.,Revenue/Tax,Complaint,https://www.youtube.com/watch?v=anW9fCBobug
Ugy0mSj9J1lOuwP1DWh4AaABAg,2025-04-15T04:58:44Z,pothhole service handled very well. Appreciated.,Roads & Infrastructure,Feedback,https://www.youtube.com/watch?v=anW9fCBobug
UgyDheRav7UnRXe8O9R4AaABAg,2025-04-15T04:03:47Z,Positive changes seen in tax. Thanks team.,Revenue/Tax,Feedback,https://www.youtube.com/watch?v=anW9fCBobug
UgwWKQnBSPHikzipW4F4AaABAg,2025-04-15T03:34:42Z,Good improvement in drinking. Thank you!,Water Supply,Feedback,https://www.youtube.com/watch?v=anW9fCBobug
Ugwseu5hdooYhIcpbtd4AaABAg,2025-04-15T03:21:36Z,Great response regarding tax. ಧನ್ಯವಾದಗಳು!,Revenue/Tax,Feedback,https://www.youtube.com/watch?v=anW9fCBobug
UgxYXsfk27lb3kGX3R54AaABAg,2025-04-14T17:00:21Z,Good improvement in ಸೇತುವೆ. Thank you!,Roads & Infrastructure,Feedback,https://www.youtube.com/watch?v=anW9fCBobug
UgywHaFXW1qoYSgFY9R4AaABAg,2025-04-14T08:40:53Z,Good improvement in bill. Thank you!,Revenue/Tax,Feedback,https://www.youtube.com/watch?v=anW9fCBobug
UgzXNeHo-EXRDg9jRhV4AaABAg,2025-04-14T06:47:49Z,Positive changes seen in tax. Thanks team.,Revenue/Tax,Feedback,https://www.youtube.com/watch?v=anW9fCBobug
UgxfSTM7tjNbti8ducZ4AaABAg,2025-04-14T06:40:00Z,Positive changes seen in waste. Thanks team.,Sanitation,Feedback,https://www.youtube.com/watch?v=anW9fCBobug
UgzZpW0PfR5mLeHq86V4AaABAg,2025-04-14T06:29:39Z,Happy with the recent work on property. Keep going.,Revenue/Tax,Feedback,https://www.youtube.com/watch?v=anW9fCBobug
UgxOBk6VQhEfUXds48x4AaABAg,2025-04-12T14:39:09Z,Positive changes seen in bill. Thanks team.,Revenue/Tax,Feedback,https://www.youtube.com/watch?v=anW9fCBobug
UgwaOhuRMRAAlwF8mGV4AaABAg,2025-04-12T09:40:34Z,Good improvement in pothhole. Thank you!,Roads & Infrastructure,Feedback,https://www.youtube.com/watch?v=anW9fCBobug
UgwlYWb32BaDpP3Pn7p4AaABAg,2025-04-12T04:33:32Z,Great response regarding street. ಧನ್ಯವಾದಗಳು!,Roads & Infrastructure,Feedback,https://www.youtube.com/watch?v=anW9fCBobug
Ugzl_BbykiZ4is79MNF4AaABAg,2025-04-12T03:22:59Z,Positive changes seen in ಬೀದಿ. Thanks team.,Roads & Infrastructure,Feedback,https://www.youtube.com/watch?v=anW9fCBobug
Ugxdc1aDQqf3KG7_LPJ4AaABAg,2025-04-09T16:57:26Z,People are facing trouble due to bill. ಇದು ತಕ್ಷಣ ಸರಿಪಡಿಸಿ.,Revenue/Tax,Complaint,https://www.youtube.com/watch?v=anW9fCBobug
UgzY8l0aP2kFa3LX3_Z4AaABAg,2025-04-09T13:56:18Z,There is an issue with pothhole. Please fix it soon.,Roads & Infrastructure,Complaint,https://www.youtube.com/watch?v=anW9fCBobug
UgyxmnjjG9NPr3p6Ejp4AaABAg,2025-04-09T13:25:02Z,Positive changes seen in ರಸ್ತೆ. Thanks team.,Roads & Infrastructure,Feedback,https://www.youtube.com/watch?v=anW9fCBobug
Ugz9chERumBm3d62YY94AaABAg,2025-04-08T16:14:24Z,Positive changes seen in street. Thanks team.,Roads & Infrastructure,Feedback,https://www.youtube.com/watch?v=anW9fCBobug
UgzbglYk02Rs7JizsNl4AaABAg,2025-04-08T12:56:55Z,Great response regarding pothhole. ಧನ್ಯವಾದಗಳು!,Roads & Infrastructure,Feedback,https://www.youtube.com/watch?v=anW9fCBobug
Ugw075n2mOz6LbhFkhd4AaABAg,2025-04-08T12:55:21Z,tax problem is causing inconvenience. Request quick action.,Revenue/Tax,Complaint,https://www.youtube.com/watch?v=anW9fCBobug
Ugyn5k7-KvjrKN3EzWN4AaABAg,2025-04-08T12:48:12Z,pothhole service handled very well. Appreciated.,Roads & Infrastructure,Feedback,https://www.youtube.com/watch?v=anW9fCBobug
Ugzi6Ea2HQJod0glA394AaABAg,2025-04-08T12:00:10Z,The condition of pothhole needs urgent attention.,Roads & Infrastructure,Complaint,https://www.youtube.com/watch?v=anW9fCBobug
UgwU-eVXaXmI1wC3XCF4AaABAg,2025-04-08T11:44:24Z,People are facing trouble due to payment. ಇದು ತಕ್ಷಣ ಸರಿಪಡಿಸಿ.,Revenue/Tax,Complaint,https://www.youtube.com/watch?v=anW9fCBobug
UgySYEz3Y-4sTS3yy9p4AaABAg,2025-04-08T11:08:47Z,Positive changes seen in payment. Thanks team.,Revenue/Tax,Feedback,https://www.youtube.com/watch?v=anW9fCBobug
Ugxv_xD9o5tY7kB0vBZ4AaABAg,2025-04-08T10:34:31Z,ಬಿಲ್ has not been working properly. Kindly repair it.,Revenue/Tax,Complaint,https://www.youtube.com/watch?v=anW9fCBobug
UgzxxCQQZRPmWOc0bq94AaABAg,2025-04-08T10:11:26Z,Great response regarding ಬಿಲ್. ಧನ್ಯವಾದಗಳು!,Revenue/Tax,Feedback,https://www.youtube.com/watch?v=anW9fCBobug
Ugy6FhqWJHbLFIEF8Mx4AaABAg,2025-04-08T09:40:32Z,The condition of ತೆರಿಗೆ needs urgent attention.,Revenue/Tax,Complaint,https://www.youtube.com/watch?v=anW9fCBobug
Ugw6ct2Jm5xX2WMiQmF4AaABAg,2025-04-08T07:57:23Z,ಬೀದಿ service handled very well. Appreciated.,Roads & Infrastructure,Feedback,https://www.youtube.com/watch?v=anW9fCBobug
UgxPYhiDsH3soO_EUbl4AaABAg,2025-04-08T06:35:02Z,Great response regarding tax. ಧನ್ಯವಾದಗಳು!,Revenue/Tax,Feedback,https://www.youtube.com/watch?v=anW9fCBobug
UgyuyUaMI9KkXbnkxzh4AaABAg,2025-04-08T05:36:37Z,ಸೇತುವೆ service handled very well. Appreciated.,Roads & Infrastructure,Feedback,https://www.youtube.com/watch?v=anW9fCBobug
UgybGYi3tvLm2DyJ3DR4AaABAg,2025-04-08T05:18:39Z,The condition of street needs urgent attention.,Roads & Infrastructure,Complaint,https://www.youtube.com/watch?v=anW9fCBobug
UgzXh-7YjVyYfRFW2CR4AaABAg,2025-04-07T21:13:36Z,The condition of bridge needs urgent attention.,Roads & Infrastructure,Complaint,https://www.youtube.com/watch?v=anW9fCBobug
UgyZkK9mzzUw43ovl9t4AaABAg,2025-04-07T16:33:40Z,payment service handled very well. Appreciated.,Revenue/Tax,Feedback,https://www.youtube.com/watch?v=anW9fCBobug
UgzQkOYIZPGTlgzESD94AaABAg,2025-04-07T16:16:06Z,property problem is causing inconvenience. Request quick action.,Revenue/Tax,Complaint,https://www.youtube.com/watch?v=anW9fCBobug
Ugz94XgE3HbbsPwU4Hl4AaABAg,2025-04-07T14:58:29Z,ಬಿಲ್ problem is causing inconvenience. Request quick action.,Revenue/Tax,Complaint,https://www.youtube.com/watch?v=anW9fCBobug
Ugwmhuyzr9AUf5S16X54AaABAg,2025-04-07T14:17:55Z,The condition of ಬೀದಿ needs urgent attention.,Roads & Infrastructure,Complaint,https://www.youtube.com/watch?v=anW9fCBobug
Ugz-m9NE7IsACTU2e4Z4AaABAg,2025-04-07T14:04:30Z,Good improvement in ಬೀದಿ. Thank you!,Roads & Infrastructure,Feedback,https://www.youtube.com/watch?v=anW9fCBobug
UgzADYz9ePWLTQ7X3lx4AaABAg,2025-04-07T13:31:43Z,Positive changes seen in ಸೇತುವೆ. Thanks team.,Roads & Infrastructure,Feedback,https://www.youtube.com/watch?v=anW9fCBobug
UgzoEXgJvGo00-cJWDd4AaABAg,2025-04-07T11:50:44Z,ರಸ್ತೆ problem is causing inconvenience. Request quick action.,Roads & Infrastructure,Complaint,https://www.youtube.com/watch?v=anW9fCBobug
UgwAoWuN0M0j9tU9CXJ4AaABAg,2025-04-07T11:32:49Z,People are facing trouble due to payment. ಇದು ತಕ್ಷಣ ಸರಿಪಡಿಸಿ.,Revenue/Tax,Complaint,https://www.youtube.com/watch?v=anW9fCBobug
UgyP07mROjIUoba4S9V4AaABAg,2025-04-07T09:08:14Z,Good improvement in property. Thank you!,Revenue/Tax,Feedback,https://www.youtube.com/watch?v=anW9fCBobug
UgzKODCywGIfTXuPzSZ4AaABAg,2025-04-07T09:00:54Z,Good improvement in water. Thank you!,Water Supply,Feedback,https://www.youtube.com/watch?v=anW9fCBobug
Ugxnh79hatVdcSvOblp4AaABAg,2025-04-07T08:13:36Z,ಬಿಲ್ service handled very well. Appreciated.,Revenue/Tax,Feedback,https://www.youtube.com/watch?v=anW9fCBobug
UgyKLJXmAP2cXcB-lx94AaABAg,2025-04-07T05:37:03Z,People are facing trouble due to road. ಇದು ತಕ್ಷಣ ಸರಿಪಡಿಸಿ.,Roads & Infrastructure,Complaint,https://www.youtube.com/watch?v=anW9fCBobug
UgxC7JraamS7Ob89cpp4AaABAg,2025-04-07T04:27:58Z,There is an issue with payment. Please fix it soon.,Revenue/Tax,Complaint,https://www.youtube.com/watch?v=anW9fCBobug
UgzvQ0wqrha5tBuD8TJ4AaABAg,2025-04-07T04:17:18Z,road service handled very well. Appreciated.,Roads & Infrastructure,Feedback,https://www.youtube.com/watch?v=anW9fCBobug
UgxvhdiC0btEtKtuDaR4AaABAg,2025-04-07T04:04:41Z,Positive changes seen in pothhole. Thanks team.,Roads & Infrastructure,Feedback,https://www.youtube.com/watch?v=anW9fCBobug
UgzjuflqDjQiyd9Npzx4AaABAg,2025-04-07T02:47:32Z,Positive changes seen in ಬೀದಿ ದೀಪ. Thanks team.,Electrical,Feedback,https://www.youtube.com/watch?v=anW9fCBobug
UgxJUOwiw-TMYHLbyRJ4AaABAg,2025-04-07T02:42:38Z,People are facing trouble due to tax. ಇದು ತಕ್ಷಣ ಸರಿಪಡಿಸಿ.,Revenue/Tax,Complaint,https://www.youtube.com/watch?v=anW9fCBobug
UgxxDUOSC-6GDeJ45W14AaABAg,2025-04-06T13:38:27Z,People are facing trouble due to ನೀರು. ಇದು ತಕ್ಷಣ ಸರಿಪಡಿಸಿ.,Water Supply,Complaint,https://www.youtube.com/watch?v=anW9fCBobug
UgwthbGvlsAkLXxINOJ4AaABAg,2025-04-06T13:12:51Z,Happy with the recent work on ತೆರಿಗೆ. Keep going.,Revenue/Tax,Feedback,https://www.youtube.com/watch?v=anW9fCBobug
UgzJlhQh7FAJSaDS-oR4AaABAg,2025-04-06T10:41:50Z,People are facing trouble due to payment. ಇದು ತಕ್ಷಣ ಸರಿಪಡಿಸಿ.,Revenue/Tax,Complaint,https://www.youtube.com/watch?v=anW9fCBobug
UgyT8-XCDC_KJXkznup4AaABAg,2025-04-06T08:57:33Z,People are facing trouble due to trash. ಇದು ತಕ್ಷಣ ಸರಿಪಡಿಸಿ.,Sanitation,Complaint,https://www.youtube.com/watch?v=anW9fCBobug
Ugwea7wHSgug5vb4uE54AaABAg,2025-04-06T08:57:11Z,There is an issue with pothhole. Please fix it soon.,Roads & Infrastructure,Complaint,https://www.youtube.com/watch?v=anW9fCBobug
UgwdPiS8ZQZLizihM094AaABAg,2025-04-05T17:42:27Z,Happy with the recent work on street. Keep going.,Roads & Infrastructure,Feedback,https://www.youtube.com/watch?v=anW9fCBobug
Ugw3vxDJ9ZZdXOrugV54AaABAg,2025-04-05T17:29:20Z,The condition of street needs urgent attention.,Roads & Infrastructure,Complaint,https://www.youtube.com/watch?v=anW9fCBobug
UgwR72Yr-UtwMwuNd8d4AaABAg,2025-04-05T16:27:57Z,Good improvement in road. Thank you!,Roads & Infrastructure,Feedback,https://www.youtube.com/watch?v=anW9fCBobug
UgwMYTl9ciCASNeKDQJ4AaABAg,2025-04-05T16:24:29Z,People are facing trouble due to road. ಇದು ತಕ್ಷಣ ಸರಿಪಡಿಸಿ.,Roads & Infrastructure,Complaint,https://www.youtube.com/watch?v=anW9fCBobug
UgxpmoqmL4Nk4zsFB7d4AaABAg,2025-04-05T16:12:04Z,Happy with the recent work on tax. Keep going.,Revenue/Tax,Feedback,https://www.youtube.com/watch?v=anW9fCBobug
Ugzoyr9VlUqSJGQVJtl4AaABAg,2025-04-05T11:34:23Z,Positive changes seen in property. Thanks team.,Revenue/Tax,Feedback,https://www.youtube.com/watch?v=anW9fCBobug
UgxTgKK4tjTTfZYWjzB4AaABAg,2025-04-05T08:28:51Z,Happy with the recent work on payment. Keep going.,Revenue/Tax,Feedback,https://www.youtube.com/watch?v=anW9fCBobug
UgzLyNn1nhAuWfTjmuJ4AaABAg,2025-04-05T05:19:11Z,People are facing trouble due to payment. ಇದು ತಕ್ಷಣ ಸರಿಪಡಿಸಿ.,Revenue/Tax,Complaint,https://www.youtube.com/watch?v=anW9fCBobug
UgzoWgcrrzq4dmHCZ4h4AaABAg,2025-04-05T04:45:42Z,The condition of ಸೇತುವೆ needs urgent attention.,Roads & Infrastructure,Complaint,https://www.youtube.com/watch?v=anW9fCBobug
Ugy3YmXpgz2L58YqWiN4AaABAg,2025-04-05T04:09:12Z,Happy with the recent work on ಬೀದಿ. Keep going.,Roads & Infrastructure,Feedback,https://www.youtube.com/watch?v=anW9fCBobug
Ugxz_pJBh4aE8AfmAT14AaABAg,2025-04-04T17:23:29Z,bridge has not been working properly. Kindly repair it.,Roads & Infrastructure,Complaint,https://www.youtube.com/watch?v=anW9fCBobug
UgwUZj_OwE-pZrWy_fN4AaABAg,2025-04-04T16:27:25Z,ಬೀದಿ has not been working properly. Kindly repair it.,Roads & Infrastructure,Complaint,https://www.youtube.com/watch?v=anW9fCBobug
UgzD3jep0p4PXWXbo794AaABAg,2025-04-04T12:43:56Z,Happy with the recent work on bill. Keep going.,Revenue/Tax,Feedback,https://www.youtube.com/watch?v=anW9fCBobug
UgxkIHIOBiSdc-jnsGJ4AaABAg,2025-04-04T11:40:54Z,Good improvement in supply. Thank you!,Water Supply,Feedback,https://www.youtube.com/watch?v=anW9fCBobug
Ugz_N6sMuDJzz61Gj7R4AaABAg,2025-04-04T11:30:46Z,pothhole service handled very well. Appreciated.,Roads & Infrastructure,Feedback,https://www.youtube.com/watch?v=anW9fCBobug
UgxzlOSuQ-tN5RnbIvV4AaABAg,2025-04-04T11:25:48Z,ರಸ್ತೆ service handled very well. Appreciated.,Roads & Infrastructure,Feedback,https://www.youtube.com/watch?v=anW9fCBobug
UgynUXZeyEdjhYvp7qp4AaABAg,2025-04-04T10:49:15Z,There is an issue with ಸರಬರಾಜು. Please fix it soon.,Water Supply,Complaint,https://www.youtube.com/watch?v=anW9fCBobug
UgxrZTE5S-DJV04WO0J4AaABAg,2025-04-04T08:03:28Z,Positive changes seen in ರಸ್ತೆ. Thanks team.,Roads & Infrastructure,Feedback,https://www.youtube.com/watch?v=anW9fCBobug
UgxOMbsBvVXEgbc1pHB4AaABAg,2025-04-04T05:30:09Z,Great response regarding road. ಧನ್ಯವಾದಗಳು!,Roads & Infrastructure,Feedback,https://www.youtube.com/watch?v=anW9fCBobug
UgyiYE_WypqNvT3xBnN4AaABAg,2025-04-04T02:12:24Z,street service handled very well. Appreciated.,Roads & Infrastructure,Feedback,https://www.youtube.com/watch?v=anW9fCBobug
UgwyhNkkpdUk_JE6ua94AaABAg,2025-04-04T02:02:48Z,Positive changes seen in ಬಿಲ್. Thanks team.,Revenue/Tax,Feedback,https://www.youtube.com/watch?v=anW9fCBobug
UgxE8WyLKaIfGYDNaeJ4AaABAg,2025-04-03T16:48:08Z,Positive changes seen in streetlight. Thanks team.,Electrical,Feedback,https://www.youtube.com/watch?v=anW9fCBobug
UgxPxUI8TArFSEmVX8d4AaABAg,2025-04-03T12:20:43Z,There is an issue with bridge. Please fix it soon.,Roads & Infrastructure,Complaint,https://www.youtube.com/watch?v=anW9fCBobug
Ugz2e62ZU-2lzggdzlJ4AaABAg,2025-10-13T11:46:17Z,ತೆರಿಗೆ problem is causing inconvenience. Request quick action.,Revenue/Tax,Complaint,https://www.youtube.com/watch?v=PXCbFo8WbbQ
UgwrUGV1cGMOrfmDl1F4AaABAg,2024-12-30T11:38:12Z,Happy with the recent work on bill. Keep going.,Revenue/Tax,Feedback,https://www.youtube.com/watch?v=9ZE7eg13TpI
UgwWpLVU_sQUWyvHKiR4AaABAg,2023-01-08T14:01:34Z,Good improvement in tax. Thank you!,Revenue/Tax,Feedback,https://www.youtube.com/watch?v=9ZE7eg13TpI
UgwH7zVAsKRmo-xgbCV4AaABAg,2018-06-29T04:00:33Z,The condition of ತೆರಿಗೆ needs urgent attention.,Revenue/Tax,Complaint,https://www.youtube.com/watch?v=6TSir0pUQbs
Ugwog10jFTdE06H_Edl4AaABAg,2025-10-21T15:36:41Z,Good improvement in property. Thank you!,Revenue/Tax,Feedback,https://www.youtube.com/watch?v=MO76RHFzvVw
UgxQfNem9BMIDvqyUSF4AaABAg,2022-07-18T15:53:46Z,Happy with the recent work on ಬಿಲ್. Keep going.,Revenue/Tax,Feedback,https://www.youtube.com/watch?v=ua7Am3u6fJI
Ugxn2WhmD-MhFEtCDAt4AaABAg,2022-03-10T08:49:23Z,Happy with the recent work on ತೆರಿಗೆ. Keep going.,Revenue/Tax,Feedback,https://www.youtube.com/watch?v=ua7Am3u6fJI
UgxrBw2IzAX_kV2diIp4AaABAg,2025-04-06T06:40:03Z,Good improvement in ತೆರಿಗೆ. Thank you!,Revenue/Tax,Feedback,https://www.youtube.com/watch?v=ygmPxTbkPgc
Ugw3glDuFnBBpuGOTXF4AaABAg,2024-10-21T10:42:56Z,ತೆರಿಗೆ service handled very well. Appreciated.,Revenue/Tax,Feedback,https://www.youtube.com/watch?v=ygmPxTbkPgc
UgzWrIhCzlO_Lz_E_gR4AaABAg,2024-05-29T04:52:18Z,payment service handled very well. Appreciated.,Revenue/Tax,Feedback,https://www.youtube.com/watch?v=ygmPxTbkPgc
Ugzq9ydP4V8dHAU08up4AaABAg,2024-04-08T10:11:48Z,Good improvement in property. Thank you!,Revenue/Tax,Feedback,https://www.youtube.com/watch?v=ygmPxTbkPgc
UgyACDCtIu0VG0Ya9j54AaABAg,2023-07-26T14:20:20Z,ರಸ್ತೆ has not been working properly. Kindly repair it.,Roads & Infrastructure,Complaint,https://www.youtube.com/watch?v=ygmPxTbkPgc
UgxNV7PJtQe8pfxCz5h4AaABAg,2023-06-26T10:21:28Z,Positive changes seen in bill. Thanks team.,Revenue/Tax,Feedback,https://www.youtube.com/watch?v=ygmPxTbkPgc
Ugw_61RHGsWISNW7Nmt4AaABAg,2025-07-30T10:19:05Z,payment problem is causing inconvenience. Request quick action.,Revenue/Tax,Complaint,https://www.youtube.com/watch?v=ElqPc2nsMIA
UgxmGEkM8nSN2JHrsSp4AaABAg,2025-11-12T10:26:57Z,water problem is causing inconvenience. Request quick action.,Water Supply,Complaint,https://www.youtube.com/watch?v=yRyu-MwQBoc
UgzW6m4DnQv9XZ9yirB4AaABAg,2025-07-25T06:55:13Z,pothhole has not been working properly. Kindly repair it.,Roads & Infrastructure,Complaint,https://www.youtube.com/watch?v=yRyu-MwQBoc
UgyHeDR9oqmGuSaIKHh4AaABAg,2024-12-04T05:37:47Z,trash has not been working properly. Kindly repair it.,Sanitation,Complaint,https://www.youtube.com/watch?v=yRyu-MwQBoc
UgxaglbPK_NC7fPoWNt4AaABAg,2024-10-21T11:59:16Z,cleaning service handled very well. Appreciated.,Sanitation,Feedback,https://www.youtube.com/watch?v=yRyu-MwQBoc
UgwbqMbuzXqBUvnzSvt4AaABAg,2024-09-20T06:48:48Z,street has not been working properly. Kindly repair it.,Roads & Infrastructure,Complaint,https://www.youtube.com/watch?v=yRyu-MwQBoc
UgwJEOxWkeBifpPBPmZ4AaABAg,2024-09-04T09:00:56Z,Happy with the recent work on pothhole. Keep going.,Roads & Infrastructure,Feedback,https://www.youtube.com/watch?v=yRyu-MwQBoc
UgxZWYpvl-4oD9ERZHF4AaABAg,2024-08-15T18:53:29Z,The condition of ನೀರು needs urgent attention.,Water Supply,Complaint,https://www.youtube.com/watch?v=yRyu-MwQBoc
UgwyPYIL2Cbhylk4VXF4AaABAg,2024-08-14T21:49:04Z,Great response regarding ಸೇತುವೆ. ಧನ್ಯವಾದಗಳು!,Roads & Infrastructure,Feedback,https://www.youtube.com/watch?v=yRyu-MwQBoc
Ugxa5jrTlVsHENShNnp4AaABAg,2024-07-19T18:12:49Z,road has not been working properly. Kindly repair it.,Roads & Infrastructure,Complaint,https://www.youtube.com/watch?v=yRyu-MwQBoc
UgwbGqUM7vPu0tUcUCd4AaABAg,2024-06-25T08:20:35Z,There is an issue with garbage. Please fix it soon.,Sanitation,Complaint,https://www.youtube.com/watch?v=yRyu-MwQBoc
UgzcGfCq-TlrgfZP7JN4AaABAg,2024-06-23T13:44:58Z,ಸರಬರಾಜು problem is causing inconvenience. Request quick action.,Water Supply,Complaint,https://www.youtube.com/watch?v=yRyu-MwQBoc
Ugzfjj4FGcufCLon_PB4AaABAg,2024-06-20T12:44:30Z,The condition of water needs urgent attention.,Water Supply,Complaint,https://www.youtube.com/watch?v=yRyu-MwQBoc
UgwTXWrwVKgG67BVMPF4AaABAg,2024-05-12T09:59:56Z,supply has not been working properly. Kindly repair it.,Water Supply,Complaint,https://www.youtube.com/watch?v=yRyu-MwQBoc
UgyH71x_byeG1OW5XDt4AaABAg,2024-03-30T21:31:03Z,water service handled very well. Appreciated.,Water Supply,Feedback,https://www.youtube.com/watch?v=yRyu-MwQBoc
UgzygZY6kJPhGWdvEM14AaABAg,2024-03-21T06:35:54Z,Good improvement in trash. Thank you!,Sanitation,Feedback,https://www.youtube.com/watch?v=yRyu-MwQBoc
Ugy6mp3yw_ZynGlDdC94AaABAg,2024-01-24T05:35:35Z,pothhole has not been working properly. Kindly repair it.,Roads & Infrastructure,Complaint,https://www.youtube.com/watch?v=yRyu-MwQBoc
Ugxaf8e_ZcwP-H2bQ8V4AaABAg,2024-01-10T11:34:03Z,The condition of drainage needs urgent attention.,Health & Environment,Complaint,https://www.youtube.com/watch?v=yRyu-MwQBoc
Ugwf5CzE3uwqKBAkcXp4AaABAg,2023-12-28T12:01:16Z,ಬಿಲ್ has not been working properly. Kindly repair it.,Revenue/Tax,Complaint,https://www.youtube.com/watch?v=yRyu-MwQBoc
UgxmaoH6TMYgTm1QGF54AaABAg,2023-10-06T12:00:11Z,Happy with the recent work on ಬೀದಿ. Keep going.,Roads & Infrastructure,Feedback,https://www.youtube.com/watch?v=yRyu-MwQBoc
UgzIZLP7J9DVTmby-eZ4AaABAg,2023-09-25T13:44:51Z,ಬೀದಿ has not been working properly. Kindly repair it.,Roads & Infrastructure,Complaint,https://www.youtube.com/watch?v=yRyu-MwQBoc
Ugw2eaf3q18NB40V9vR4AaABAg,2023-09-02T07:38:48Z,People are facing trouble due to ಸೇತುವೆ. ಇದು ತಕ್ಷಣ ಸರಿಪಡಿಸಿ.,Roads & Infrastructure,Complaint,https://www.youtube.com/watch?v=yRyu-MwQBoc
UgyekA9pT4dLu10a_9J4AaABAg,2023-07-06T01:40:58Z,In our area a streetlight pole has fallen on the road. Please remove it and install a new lamp.,Electrical,Complaint,https://www.youtube.com/watch?v=yRyu-MwQBoc
Ugy0wW8vw4M0tPJM33t4AaABAg,2023-05-22T15:27:12Z,The condition of pothhole needs urgent attention.,Roads & Infrastructure,Complaint,https://www.youtube.com/watch?v=yRyu-MwQBoc
Ugzxbt8y3n4cWKyuxid4AaABAg,2023-05-10T15:18:04Z,cleaning has not been working properly. Kindly repair it.,Sanitation,Complaint,https://www.youtube.com/watch?v=yRyu-MwQBoc
UgzPOH_HalF8K4flIPV4AaABAg,2023-03-22T11:38:47Z,drinking service handled very well. Appreciated.,Water Supply,Feedback,https://www.youtube.com/watch?v=yRyu-MwQBoc
Ugya9yHTYV-nOmrxuUd4AaABAg,2023-02-17T06:07:20Z,Great response regarding pollution. ಧನ್ಯವಾದಗಳು!,Health & Environment,Feedback,https://www.youtube.com/watch?v=yRyu-MwQBoc
UgwEbUA0q4TA4CXaDJJ4AaABAg,2024-03-17T05:21:30Z,The condition of ಬೀದಿ ದೀಪ needs urgent attention.,Electrical,Complaint,https://www.youtube.com/watch?v=n5VNS4SfGW8
Ugxr-E4RLR7iyhaphr94AaABAg,2023-11-08T16:29:59Z,People are facing trouble due to bill. ಇದು ತಕ್ಷಣ ಸರಿಪಡಿಸಿ.,Revenue/Tax,Complaint,https://www.youtube.com/watch?v=n5VNS4SfGW8
Ugxg165yhFrq4Nj4Lfh4AaABAg,2025-01-13T13:47:19Z,Great response regarding ಸೇತುವೆ. ಧನ್ಯವಾದಗಳು!,Roads & Infrastructure,Feedback,https://www.youtube.com/watch?v=TjS6S3zK-nI
UgwYpo2KGfix5C5tLx94AaABAg,2024-12-06T01:19:27Z,There is an issue with ಬೀದಿ. Please fix it soon.,Roads & Infrastructure,Complaint,https://www.youtube.com/watch?v=TjS6S3zK-nI
Ugx-hz6pmFQky6P2qPF4AaABAg,2025-11-24T08:10:30Z,The condition of ನೀರು needs urgent attention.,Water Supply,Complaint,https://www.youtube.com/watch?v=GFtSd8jqTG0
UgxK4hS1z6VdVUbEAOB4AaABAg,2025-10-28T03:42:07Z,Great response regarding supply. ಧನ್ಯವಾದಗಳು!,Water Supply,Feedback,https://www.youtube.com/watch?v=GFtSd8jqTG0
UgxEaVPCuOKtMWE--z54AaABAg,2025-09-23T03:11:20Z,drinking service handled very well. Appreciated.,Water Supply,Feedback,https://www.youtube.com/watch?v=GFtSd8jqTG0
UgxkKpHTRHBo7h3JCgZ4AaABAg,2025-09-13T14:44:46Z,Great response regarding supply. ಧನ್ಯವಾದಗಳು!,Water Supply,Feedback,https://www.youtube.com/watch?v=GFtSd8jqTG0
UgzUPsOnHJnBC7ToFT94AaABAg,2025-09-11T08:19:27Z,ನೀರು problem is causing inconvenience. Request quick action.,Water Supply,Complaint,https://www.youtube.com/watch?v=GFtSd8jqTG0
UgwNgYnDoCNPuo37FJ14AaABAg,2025-07-22T12:42:13Z,Positive changes seen in drinking. Thanks team.,Water Supply,Feedback,https://www.youtube.com/watch?v=GFtSd8jqTG0
Ugw9mhGGgts6B0L22pN4AaABAg,2025-05-30T02:44:30Z,Good improvement in ನೀರು. Thank you!,Water Supply,Feedback,https://www.youtube.com/watch?v=GFtSd8jqTG0
Ugw8CF1yDJAWCrRjpdd4AaABAg,2025-05-28T06:10:36Z,Good improvement in ಆರೋಗ್ಯ. Thank you!,Health & Environment,Feedback,https://www.youtube.com/watch?v=GFtSd8jqTG0
Ugyc3AqENFUh0RDjRRl4AaABAg,2025-05-26T09:52:34Z,water service handled very well. Appreciated.,Water Supply,Feedback,https://www.youtube.com/watch?v=GFtSd8jqTG0
Ugx4__0jluWdYOvS3kl4AaABAg,2025-05-05T02:57:36Z,Happy with the recent work on ಸರಬರಾಜು. Keep going.,Water Supply,Feedback,https://www.youtube.com/watch?v=GFtSd8jqTG0
UgwGH8McnrsNx-_KgTp4AaABAg,2025-04-17T00:45:01Z,Good improvement in ಸರಬರಾಜು. Thank you!,Water Supply,Feedback,https://www.youtube.com/watch?v=GFtSd8jqTG0
UgwgHiW6kVyOb6xcPoB4AaABAg,2025-04-06T10:02:30Z,Good improvement in supply. Thank you!,Water Supply,Feedback,https://www.youtube.com/watch?v=GFtSd8jqTG0
UgwGFX24r2Bfh_MEQzZ4AaABAg,2025-03-21T10:48:25Z,Good improvement in water. Thank you!,Water Supply,Feedback,https://www.youtube.com/watch?v=GFtSd8jqTG0
UgzWLcAD-ErL2zTVAp54AaABAg,2025-03-16T18:59:44Z,drinking service handled very well. Appreciated.,Water Supply,Feedback,https://www.youtube.com/watch?v=GFtSd8jqTG0
UgwBK9S3jQpVAS55I4t4AaABAg,2025-03-13T07:14:26Z,water problem is causing inconvenience. Request quick action.,Water Supply,Complaint,https://www.youtube.com/watch?v=GFtSd8jqTG0
UgyI6AV2eOwShH1RRNl4AaABAg,2024-12-13T05:35:18Z,drinking has not been working properly. Kindly repair it.,Water Supply,Complaint,https://www.youtube.com/watch?v=GFtSd8jqTG0
UgyeqNtjGsyq4AjQplt4AaABAg,2024-11-10T12:18:25Z,The condition of supply needs urgent attention.,Water Supply,Complaint,https://www.youtube.com/watch?v=GFtSd8jqTG0
Ugwqmw14308fD0wUgMV4AaABAg,2024-11-09T13:26:06Z,Positive changes seen in supply. Thanks team.,Water Supply,Feedback,https://www.youtube.com/watch?v=GFtSd8jqTG0
Ugy1vspbg6YqvHJNf9N4AaABAg,2024-11-07T21:33:45Z,ನೀರು problem is causing inconvenience. Request quick action.,Water Supply,Complaint,https://www.youtube.com/watch?v=GFtSd8jqTG0
UgxbOhRP6Tc8oIzDvsZ4AaABAg,2024-10-23T19:53:51Z,Great response regarding drinking. ಧನ್ಯವಾದಗಳು!,Water Supply,Feedback,https://www.youtube.com/watch?v=GFtSd8jqTG0
Ugx6ccwCH5c7UgprAm54AaABAg,2024-10-14T23:32:43Z,Positive changes seen in water. Thanks team.,Water Supply,Feedback,https://www.youtube.com/watch?v=GFtSd8jqTG0
UgzsNtoB18xtbjwx0jd4AaABAg,2024-10-04T09:42:39Z,Great response regarding water. ಧನ್ಯವಾದಗಳು!,Water Supply,Feedback,https://www.youtube.com/watch?v=GFtSd8jqTG0
UgzHblOCpeRWXBA_rPN4AaABAg,2024-09-29T04:17:23Z,water problem is causing inconvenience. Request quick action.,Water Supply,Complaint,https://www.youtube.com/watch?v=GFtSd8jqTG0
Ugzbfst0KBtJuC87Ac94AaABAg,2024-09-28T10:53:52Z,Happy with the recent work on supply. Keep going.,Water Supply,Feedback,https://www.youtube.com/watch?v=GFtSd8jqTG0
UgzFnE_nVnY6PU-esyt4AaABAg,2024-09-26T19:21:47Z,Great response regarding ಸರಬರಾಜು. ಧನ್ಯವಾದಗಳು!,Water Supply,Feedback,https://www.youtube.com/watch?v=GFtSd8jqTG0
Ugz-byln50hPqZZwZ5Z4AaABAg,2024-09-20T11:40:14Z,Happy with the recent work on ಸರಬರಾಜು. Keep going.,Water Supply,Feedback,https://www.youtube.com/watch?v=GFtSd8jqTG0
UgzYcBZq3nL1hvL6rUp4AaABAg,2024-09-20T05:57:04Z,The condition of ಮಾಲಿನ್ಯ needs urgent attention.,Health & Environment,Complaint,https://www.youtube.com/watch?v=GFtSd8jqTG0
UgwdxTA8BehQ1P3Hxc54AaABAg,2024-09-16T04:49:37Z,water problem is causing inconvenience. Request quick action.,Water Supply,Complaint,https://www.youtube.com/watch?v=GFtSd8jqTG0
UgwA55rXcUvWg4f0vhp4AaABAg,2024-09-11T11:09:54Z,Great response regarding drinking. ಧನ್ಯವಾದಗಳು!,Water Supply,Feedback,https://www.youtube.com/watch?v=GFtSd8jqTG0
UgxUfzZMMX7hdr6nC1V4AaABAg,2024-09-04T08:39:57Z,Good improvement in ಸರಬರಾಜು. Thank you!,Water Supply,Feedback,https://www.youtube.com/watch?v=GFtSd8jqTG0
Ugz9F1uZwG6tcDeSCM14AaABAg,2024-08-31T14:33:51Z,ನೀರು service handled very well. Appreciated.,Water Supply,Feedback,https://www.youtube.com/watch?v=GFtSd8jqTG0
UgwyVWK_NCSQo3NOn3F4AaABAg,2024-08-31T14:14:01Z,ಸರಬರಾಜು problem is causing inconvenience. Request quick action.,Water Supply,Complaint,https://www.youtube.com/watch?v=GFtSd8jqTG0
UgymuNab_NUW-fi7Mmd4AaABAg,2024-08-22T05:31:56Z,water problem is causing inconvenience. Request quick action.,Water Supply,Complaint,https://www.youtube.com/watch?v=GFtSd8jqTG0
Ugx1uIww1FBV-Mkc2sl4AaABAg,2024-08-12T21:52:31Z,supply problem is causing inconvenience. Request quick action.,Water Supply,Complaint,https://www.youtube.com/watch?v=GFtSd8jqTG0
Ugws0zVxf5V7hk1lPRt4AaABAg,2024-08-03T09:27:48Z,The condition of supply needs urgent attention.,Water Supply,Complaint,https://www.youtube.com/watch?v=GFtSd8jqTG0
UgziY9Wr1j_R_dfqdpp4AaABAg,2024-07-28T16:10:44Z,Positive changes seen in ಸರಬರಾಜು. Thanks team.,Water Supply,Feedback,https://www.youtube.com/watch?v=GFtSd8jqTG0
UgwJXN6zK4UIOdnOY0x4AaABAg,2024-07-22T13:50:15Z,supply service handled very well. Appreciated.,Water Supply,Feedback,https://www.youtube.com/watch?v=GFtSd8jqTG0
UgyxCINYIxsOyhMe7_x4AaABAg,2024-07-17T15:12:02Z,Positive changes seen in supply. Thanks team.,Water Supply,Feedback,https://www.youtube.com/watch?v=GFtSd8jqTG0
UgyBledwRrsjqS3l2PB4AaABAg,2024-07-12T02:05:07Z,ಆರೋಗ್ಯ service handled very well. Appreciated.,Health & Environment,Feedback,https://www.youtube.com/watch?v=GFtSd8jqTG0
UgwBLT6iCrXke8DVuL94AaABAg,2024-07-08T12:18:48Z,There is an issue with drainage. Please fix it soon.,Health & Environment,Complaint,https://www.youtube.com/watch?v=GFtSd8jqTG0
Ugz_MXh0DGAU1aagGGF4AaABAg,2024-07-06T08:50:05Z,Positive changes seen in ನೀರು. Thanks team.,Water Supply,Feedback,https://www.youtube.com/watch?v=GFtSd8jqTG0
Ugw2-XQNUON6Qr7nbZ94AaABAg,2024-07-06T05:35:26Z,Happy with the recent work on ನೀರು. Keep going.,Water Supply,Feedback,https://www.youtube.com/watch?v=GFtSd8jqTG0
UgyfbZGqW8M3odiM0LR4AaABAg,2024-07-02T17:48:41Z,Positive changes seen in ನೀರು. Thanks team.,Water Supply,Feedback,https://www.youtube.com/watch?v=GFtSd8jqTG0
UgwKKekKOo2elE1jlAZ4AaABAg,2024-06-06T17:47:38Z,water service handled very well. Appreciated.,Water Supply,Feedback,https://www.youtube.com/watch?v=GFtSd8jqTG0
UgywtGEZE70WUjE_Ts94AaABAg,2024-03-22T05:24:22Z,drinking service handled very well. Appreciated.,Water Supply,Feedback,https://www.youtube.com/watch?v=GFtSd8jqTG0
UgxS-_Hz7pUmtcobrAF4AaABAg,2024-02-12T12:59:21Z,Great response regarding ನೀರು. ಧನ್ಯವಾದಗಳು!,Water Supply,Feedback,https://www.youtube.com/watch?v=GFtSd8jqTG0
UgxzyjewJwQEnY_zIKV4AaABAg,2023-12-14T18:44:45Z,Good improvement in water. Thank you!,Water Supply,Feedback,https://www.youtube.com/watch?v=GFtSd8jqTG0
Ugz1giddp6njWWnPdAN4AaABAg,2023-10-29T08:23:29Z,Happy with the recent work on ಸರಬರಾಜು. Keep going.,Water Supply,Feedback,https://www.youtube.com/watch?v=GFtSd8jqTG0
UgwNEWqmFlyaygq37x94AaABAg,2023-10-08T06:37:16Z,Positive changes seen in supply. Thanks team.,Water Supply,Feedback,https://www.youtube.com/watch?v=GFtSd8jqTG0
UgwsMVmtEKItiLxPwtl4AaABAg,2023-08-26T16:30:04Z,drinking service handled very well. Appreciated.,Water Supply,Feedback,https://www.youtube.com/watch?v=GFtSd8jqTG0
UgxbxBdGHelPYcpi76J4AaABAg,2023-08-16T13:39:23Z,Great response regarding ನೀರು. ಧನ್ಯವಾದಗಳು!,Water Supply,Feedback,https://www.youtube.com/watch?v=GFtSd8jqTG0
UgwJqUX1kN4dZobSoAh4AaABAg,2023-08-05T01:26:07Z,supply problem is causing inconvenience. Request quick action.,Water Supply,Complaint,https://www.youtube.com/watch?v=GFtSd8jqTG0
UgxjzE9u0LidroF01C94AaABAg,2023-07-06T15:48:39Z,ಸರಬರಾಜು problem is causing inconvenience. Request quick action.,Water Supply,Complaint,https://www.youtube.com/watch?v=GFtSd8jqTG0
Ugyqby89WaWNgAAXx2t4AaABAg,2023-07-05T05:32:35Z,Great response regarding ಸರಬರಾಜು. ಧನ್ಯವಾದಗಳು!,Water Supply,Feedback,https://www.youtube.com/watch?v=GFtSd8jqTG0
UgxmpsQpzhWbEgtfFE54AaABAg,2023-06-17T17:41:10Z,Happy with the recent work on water. Keep going.,Water Supply,Feedback,https://www.youtube.com/watch?v=GFtSd8jqTG0
UgwLeWbcmGGkBys_9MB4AaABAg,2023-06-10T12:40:30Z,Good improvement in ಸರಬರಾಜು. Thank you!,Water Supply,Feedback,https://www.youtube.com/watch?v=GFtSd8jqTG0
UgzwXhJWmogkd8J-hJN4AaABAg,2023-06-06T07:27:56Z,Great response regarding ನೀರು. ಧನ್ಯವಾದಗಳು!,Water Supply,Feedback,https://www.youtube.com/watch?v=GFtSd8jqTG0
Ugxq3xcftTmJWedh0Xp4AaABAg,2023-06-01T18:35:57Z,pollution problem is causing inconvenience. Request quick action.,Health & Environment,Complaint,https://www.youtube.com/watch?v=GFtSd8jqTG0
UgzZ88AdIVIL-Tn5Syl4AaABAg,2023-06-01T09:08:47Z,Happy with the recent work on water. Keep going.,Water Supply,Feedback,https://www.youtube.com/watch?v=GFtSd8jqTG0
UgywMvKlPT-wm8Mr3pJ4AaABAg,2023-05-31T15:38:38Z,Good improvement in ನೀರು. Thank you!,Water Supply,Feedback,https://www.youtube.com/watch?v=GFtSd8jqTG0
UgykRPHL3zGWn29gthN4AaABAg,2023-05-29T15:12:56Z,Happy with the recent work on water. Keep going.,Water Supply,Feedback,https://www.youtube.com/watch?v=GFtSd8jqTG0
Ugx8TTBFcp15Ze6xG2R4AaABAg,2023-05-28T13:40:59Z,mosquito has not been working properly. Kindly repair it.,Health & Environment,Complaint,https://www.youtube.com/watch?v=GFtSd8jqTG0
UgxEof8SW0GAmNJT0MJ4AaABAg,2023-05-28T13:12:53Z,People are facing trouble due to ಸೊಳ್ಳೆ. ಇದು ತಕ್ಷಣ ಸರಿಪಡಿಸಿ.,Health & Environment,Complaint,https://www.youtube.com/watch?v=GFtSd8jqTG0
UgzPtJ0Y5ne8avR1qNd4AaABAg,2023-05-27T16:10:23Z,ತ್ಯಾಜ್ಯ has not been working properly. Kindly repair it.,Sanitation,Complaint,https://www.youtube.com/watch?v=GFtSd8jqTG0
UgzfrbTX5i9ow5h8Ait4AaABAg,2023-05-27T11:33:13Z,ಸರಬರಾಜು service handled very well. Appreciated.,Water Supply,Feedback,https://www.youtube.com/watch?v=GFtSd8jqTG0
UgzDBCMcrBh3YZ6L72F4AaABAg,2023-05-26T09:30:41Z,Good improvement in ಸರಬರಾಜು. Thank you!,Water Supply,Feedback,https://www.youtube.com/watch?v=GFtSd8jqTG0
Ugyzp1xyh1Npgyfri9h4AaABAg,2023-05-23T06:51:44Z,Good improvement in water. Thank you!,Water Supply,Feedback,https://www.youtube.com/watch?v=GFtSd8jqTG0
UgzChYaN6LwT7cbbnS94AaABAg,2023-05-22T12:55:07Z,drinking has not been working properly. Kindly repair it.,Water Supply,Complaint,https://www.youtube.com/watch?v=GFtSd8jqTG0
UgyW1IRVoYVHMktpZud4AaABAg,2023-05-20T09:22:57Z,Great response regarding ನೀರು. ಧನ್ಯವಾದಗಳು!,Water Supply,Feedback,https://www.youtube.com/watch?v=GFtSd8jqTG0
Ugw0gDJnYUpID2DC6Kp4AaABAg,2023-05-20T05:00:54Z,ಸರಬರಾಜು service handled very well. Appreciated.,Water Supply,Feedback,https://www.youtube.com/watch?v=GFtSd8jqTG0
Ugz5EHAeEKxZILyUlgl4AaABAg,2023-05-19T01:43:46Z,Happy with the recent work on ಸರಬರಾಜು. Keep going.,Water Supply,Feedback,https://www.youtube.com/watch?v=GFtSd8jqTG0
UgxdhAMPvxut3HrUZX14AaABAg,2023-05-17T07:11:52Z,ಸ್ವಚ್ಛತೆ has not been working properly. Kindly repair it.,Sanitation,Complaint,https://www.youtube.com/watch?v=GFtSd8jqTG0
UgzGKsY7ps0lzbXB1XR4AaABAg,2023-05-10T14:59:28Z,The condition of ನೀರು needs urgent attention.,Water Supply,Complaint,https://www.youtube.com/watch?v=GFtSd8jqTG0
Ugx5a5FBegXOCRdjsyt4AaABAg,2023-05-10T03:29:33Z,ನೀರು service handled very well. Appreciated.,Water Supply,Feedback,https://www.youtube.com/watch?v=GFtSd8jqTG0
UgwPkVfWKHqKpjwFYj94AaABAg,2023-05-09T12:02:15Z,Positive changes seen in ನೀರು. Thanks team.,Water Supply,Feedback,https://www.youtube.com/watch?v=GFtSd8jqTG0
UgwYdHrPb3Q9TEaxVTt4AaABAg,2023-05-06T07:14:52Z,Great response regarding water. ಧನ್ಯವಾದಗಳು!,Water Supply,Feedback,https://www.youtube.com/watch?v=GFtSd8jqTG0
UgzPdfTVAAIDIuKwzyV4AaABAg,2023-05-06T06:37:53Z,water has not been working properly. Kindly repair it.,Water Supply,Complaint,https://www.youtube.com/watch?v=GFtSd8jqTG0
UgxAfF-G_4suiajZ4q14AaABAg,2023-05-06T06:37:49Z,ಸರಬರಾಜು has not been working properly. Kindly repair it.,Water Supply,Complaint,https://www.youtube.com/watch?v=GFtSd8jqTG0
UgwXnVNv6gpBKLsVUuh4AaABAg,2023-05-06T05:27:35Z,There is an issue with drinking. Please fix it soon.,Water Supply,Complaint,https://www.youtube.com/watch?v=GFtSd8jqTG0
UgyB5OvRbsCQqR0Tl_d4AaABAg,2023-05-06T01:23:03Z,ಸರಬರಾಜು problem is causing inconvenience. Request quick action.,Water Supply,Complaint,https://www.youtube.com/watch?v=GFtSd8jqTG0
UgwhjgkSlQ2Ge-WCGpd4AaABAg,2023-05-06T01:19:22Z,People are facing trouble due to ಸರಬರಾಜು. ಇದು ತಕ್ಷಣ ಸರಿಪಡಿಸಿ.,Water Supply,Complaint,https://www.youtube.com/watch?v=GFtSd8jqTG0
Ugx17PmYHVbtNC0ZOPB4AaABAg,2023-05-04T19:08:26Z,water problem is causing inconvenience. Request quick action.,Water Supply,Complaint,https://www.youtube.com/watch?v=GFtSd8jqTG0
UgxE4Etflokx4nwctyh4AaABAg,2023-05-04T06:30:43Z,People are facing trouble due to ಸರಬರಾಜು. ಇದು ತಕ್ಷಣ ಸರಿಪಡಿಸಿ.,Water Supply,Complaint,https://www.youtube.com/watch?v=GFtSd8jqTG0
UgwkD_QSSFPzLgOKNk54AaABAg,2023-05-03T15:23:00Z,Positive changes seen in supply. Thanks team.,Water Supply,Feedback,https://www.youtube.com/watch?v=GFtSd8jqTG0
UgyThDVXC_Pq1QFHa5d4AaABAg,2023-05-02T19:53:45Z,Happy with the recent work on supply. Keep going.,Water Supply,Feedback,https://www.youtube.com/watch?v=GFtSd8jqTG0
UgwbrkjXH7vXsC6tNSp4AaABAg,2023-05-02T18:17:41Z,drinking service handled very well. Appreciated.,Water Supply,Feedback,https://www.youtube.com/watch?v=GFtSd8jqTG0
UgzZQ9_U5CbEjUfuNvl4AaABAg,2023-05-02T15:50:19Z,water service handled very well. Appreciated.,Water Supply,Feedback,https://www.youtube.com/watch?v=GFtSd8jqTG0
UgyqrXgqiTy7sIzvfHB4AaABAg,2023-05-02T11:45:30Z,Great response regarding ನೀರು. ಧನ್ಯವಾದಗಳು!,Water Supply,Feedback,https://www.youtube.com/watch?v=GFtSd8jqTG0
Ugx_mA9UesgGdmZkdIp4AaABAg,2023-05-02T09:19:37Z,ನೀರು has not been working properly. Kindly repair it.,Water Supply,Complaint,https://www.youtube.com/watch?v=GFtSd8jqTG0
UgzZNAf-LBsEAZ5hxdx4AaABAg,2023-05-02T08:30:04Z,Great response regarding ನೀರು. ಧನ್ಯವಾದಗಳು!,Water Supply,Feedback,https://www.youtube.com/watch?v=GFtSd8jqTG0
Ugx6o8YzmYp4FlETpfd4AaABAg,2023-04-29T09:22:40Z,Happy with the recent work on ನೀರು. Keep going.,Water Supply,Feedback,https://www.youtube.com/watch?v=GFtSd8jqTG0
UgzLYSXKc4pYa-HAKxB4AaABAg,2023-04-17T04:45:35Z,Positive changes seen in ಸರಬರಾಜು. Thanks team.,Water Supply,Feedback,https://www.youtube.com/watch?v=GFtSd8jqTG0
UgxtBWpgn4rE2oo40YR4AaABAg,2023-03-23T08:32:17Z,Great response regarding water. ಧನ್ಯವಾದಗಳು!,Water Supply,Feedback,https://www.youtube.com/watch?v=GFtSd8jqTG0
UgwM9G2TPLTWUp5rPml4AaABAg,2023-03-20T18:17:32Z,Great response regarding ನೀರು. ಧನ್ಯವಾದಗಳು!,Water Supply,Feedback,https://www.youtube.com/watch?v=GFtSd8jqTG0
Ugx90gYT2-9gkZ0U1xV4AaABAg,2023-03-12T10:32:54Z,Good improvement in ನೀರು. Thank you!,Water Supply,Feedback,https://www.youtube.com/watch?v=GFtSd8jqTG0
Ugz2VlXKSp1GbtU-G1Z4AaABAg,2023-03-06T16:04:02Z,Good improvement in drinking. Thank you!,Water Supply,Feedback,https://www.youtube.com/watch?v=GFtSd8jqTG0
Ugz4312c9PLJzuFeOeF4AaABAg,2023-02-21T17:34:47Z,The condition of ಸರಬರಾಜು needs urgent attention.,Water Supply,Complaint,https://www.youtube.com/watch?v=GFtSd8jqTG0
Ugy677XrotbTDaId7iR4AaABAg,2023-02-16T10:35:19Z,Happy with the recent work on ಸರಬರಾಜು. Keep going.,Water Supply,Feedback,https://www.youtube.com/watch?v=GFtSd8jqTG0
Ugzug6vLMJMVbnzYhHZ4AaABAg,2023-02-13T08:55:04Z,Good improvement in ಸರಬರಾಜು. Thank you!,Water Supply,Feedback,https://www.youtube.com/watch?v=GFtSd8jqTG0
Ugw8sOzMffnlqq8pfTB4AaABAg,2023-02-11T02:11:50Z,Positive changes seen in supply. Thanks team.,Water Supply,Feedback,https://www.youtube.com/watch?v=GFtSd8jqTG0
Ugxfn7bt0X9gRS94ULd4AaABAg,2023-02-09T13:08:36Z,People are facing trouble due to supply. ಇದು ತಕ್ಷಣ ಸರಿಪಡಿಸಿ.,Water Supply,Complaint,https://www.youtube.com/watch?v=GFtSd8jqTG0
UgwIEZ-uiEKLEFq7DSd4AaABAg,2023-02-08T23:07:55Z,Good improvement in ಸರಬರಾಜು. Thank you!,Water Supply,Feedback,https://www.youtube.com/watch?v=GFtSd8jqTG0
Ugy5mGaIYAJguBVKIgx4AaABAg,2017-11-16T02:28:00Z,mosquito service handled very well. Appreciated.,Health & Environment,Feedback,https://www.youtube.com/watch?v=p0r7uI0l2oY
UgyskMwZa3m69jFCLlt4AaABAg,2024-08-12T06:47:18Z,Positive changes seen in drinking. Thanks team.,Water Supply,Feedback,https://www.youtube.com/watch?v=6GsM0nYD0FM
Ugz_1hzCgjzfaMtx4_V4AaABAg,2024-01-29T03:13:14Z,Good improvement in lamp. Thank you!,Electrical,Feedback,https://www.youtube.com/watch?v=6GsM0nYD0FM
UgxolYbDsXPP60npo_h4AaABAg,2021-07-03T07:45:45Z,The condition of trash needs urgent attention.,Sanitation,Complaint,https://www.youtube.com/watch?v=W8wJ78XnVys
UgyZvwsFhfTnKf41Xix4AaABAg,2025-03-17T21:01:35Z,Great response regarding health. ಧನ್ಯವಾದಗಳು!,Health & Environment,Feedback,https://www.youtube.com/watch?v=p0r7uI0l2oY
Ugwbx7EJ8JRZ6AG2DY94AaABAg,2025-07-30T12:28:05Z,health problem is causing inconvenience. Request quick action.,Health & Environment,Complaint,https://www.youtube.com/watch?v=GFtSd8jqTG0
UgzYcBZq3nL1hvL6rUp4AaABAg,2024-09-20T05:57:04Z,The condition of pollution needs urgent attention.,Health & Environment,Complaint,https://www.youtube.com/watch?v=GFtSd8jqTG0
UgwWTlHvSRTFYaGjMW14AaABAg,2024-12-31T12:51:53Z,Transformer replaced power supply stable now.,Electrical,Feedback,https://www.youtube.com/watch?v=anW9fCBobug
UgxixtoiYaS6B6wIQ0h4AaABAg,2024-04-01T10:38:49Z,Wires secured properly no danger anymore.,Electrical,Feedback,https://www.youtube.com/watch?v=anW9fCBobug
UgxpzvCDWMTfRBu0GvB4AaABAg,2023-08-09T15:41:25Z,Good improvement in power. Thank you!,Electrical,Feedback,https://www.youtube.com/watch?v=anW9fCBobug
UgwGsLvX_AWEcpbHjs14AaABAg,2021-05-07T08:04:31Z,Voltage stabilized appliances working smoothly,Electrical,Feedback,https://www.youtube.com/watch?v=anW9fCBobug
UgypVqnvvv4DwBT27-14AaABAg,2025-05-21T12:11:04Z,Great response regarding light. thank you,Electrical,Feedback,https://www.youtube.com/watch?v=anW9fCBobug
Ugyp66_hBIDueS2Xaul4AaABAg,2025-06-05T03:30:14Z,Quick repair of lamp posts residents satisfied.,Electrical,Feedback,https://www.youtube.com/watch?v=anW9fCBobug
UgySOfkGCyMayuOxw754AaABAg,2025-11-16T06:14:00Z,Fuse fixed promptly electricity restored.,Electrical,Feedback,https://www.youtube.com/watch?v=anW9fCBobug
UgwvGJBuFAGd1p5jcDx4AaABAg,2025-06-05T01:37:09Z,Streetlight in Rajajinagar has been dead for 5 nights walking feels unsafe. Please fix it soon.,Electrical,Complaint,https://www.youtube.com/watch?v=UcR0uNA0y9g
Ugx-U_fRQztwkrnn0bF4AaABAg,2025-04-18T18:13:37Z,Transformer failure in Basavanagudi caused blackout residents angry,Electrical,Complaint,https://www.youtube.com/watch?v=UcR0uNA0y9g
Ugyb95885cFkzFhbi2t4AaABAg,2025-11-06T06:15:28Z,Streetlights upgraded to LED bright and clear.,Electrical,Feedback,https://www.youtube.com/watch?v=anW9fCBobug
Ugz-jdoetxeWWQqEMvV4AaABAg,2025-08-29T07:45:37Z,Lamp post wires exposed in Shivajinagar dangerous for children.,Electrical,Complaint,https://www.youtube.com/watch?v=UcR0uNA0y9g
UgySOfkGCyMayuOxw754AaABAg,2025-11-16T06:14:00Z,Electric pole repaired no risk of collapse.,Electrical,Feedback,https://www.youtube.com/watch?v=anW9fCBobug
Ugzm9z_qlup67WCOMk14AaABAg,2025-11-02T18:50:17Z,Cable replaced service improved significantly.,Electrical,Feedback,https://www.youtube.com/watch?v=anW9fCBobug
UgwGsLvX_AWEcpbHjs14AaABAg,2021-05-07T08:04:31Z,Blackout resolved quickly residents relieved,Electrical,Feedback,https://www.youtube.com/watch?v=anW9fCBobug
Ugz8320caInkTftzrj94AaABAg,2024-04-04T17:19:47Z,Streetlights maintained regularly walking feels safe.,Electrical,Feedback,https://www.youtube.com/watch?v=anW9fCBobug
Ugyuz_hvYOEaE8mGHKx4AaABAg,2025-07-27T12:32:27Z,Happy with the recent work on power. Keep going.,Electrical,Feedback,https://www.youtube.com/watch?v=anW9fCBobug
Ugz8320caInkTftzrj94AaABAg,2024-04-04T17:19:47Z,Voltage control successful no more damage to devices.,Electrical,Feedback,https://www.youtube.com/watch?v=anW9fCBobug
Ugw-8meIeSnVgLSv73t4AaABAg,2023-08-05T08:11:20Z,The condition of lamp needs urgent attention.,Electrical,Complaint,https://www.youtube.com/watch?v=UcR0uNA0y9g
UgwvGJBuFAGd1p5jcDx4AaABAg,2025-06-05T01:37:09Z,Fuse blown in Shivajinagar no electricity for 2 days.,Electrical,Complaint,https://www.youtube.com/watch?v=UcR0uNA0y9g
UgwLemJ9azVLNaw5goZ4AaABAg,2025-07-27T11:09:23Z,Bright lighting installed community feels secure.,Electrical,Feedback,https://www.youtube.com/watch?v=anW9fCBobug
UgxixtoiYaS6B6wIQ0h4AaABAg,2024-04-01T10:38:49Z,Authorities responded fast residents grateful.,Electrical,Feedback,https://www.youtube.com/watch?v=anW9fCBobug
UgxE8WyLKaIfGYDNaeJ4AaABAg,2025-04-03T16:48:08Z, Power supply uninterrupted satisfaction among households.,Electrical,Feedback,https://www.youtube.com/watch?v=anW9fCBobug
UgxixtoiYaS6B6wIQ0h4AaABAg,2024-04-01T10:38:49Z,Bright lighting installed community feels secure.,Electrical,Feedback,https://www.youtube.com/watch?v=anW9fCBobug
Ugzm9z_qlup67WCOMk14AaABAg,2025-11-02T18:50:17Z,Transformer maintenance completed power supply has become reliable,Electrical,Feedback,https://www.youtube.com/watch?v=anW9fCBobug
UgzymhcCssPj7B-AT0R4AaABAg,2025-08-18T18:22:05Z,Voltage issues resolved household devices are safe again.,Electrical,Feedback,https://www.youtube.com/watch?v=anW9fCBobug
UgwWTlHvSRTFYaGjMW14AaABAg,2024-12-31T12:51:53Z,Fuse box replaced quickly electricity restored without delay.,Electrical,Feedback,https://www.youtube.com/watch?v=anW9fCBobug
UgxixtoiYaS6B6wIQ0h4AaABAg,2024-04-01T10:38:49Z,Positive changes seen in power Thanks team.,Electrical,Feedback,https://www.youtube.com/watch?v=anW9fCBobug
UgxwOdh7hURdDGqRRCZ4AaABAg,2023-08-09T19:46:25Z,Lamp posts shining brightly the street feels secure.,Electrical,Feedback,https://www.youtube.com/watch?v=anW9fCBobug
UgzjuflqDjQiyd9Npzx4AaABAg,2025-04-07T02:47:32Z,Electric wiring fixed neatly no more sparks or hazards.,Electrical,Feedback,https://www.youtube.com/watch?v=anW9fCBobug
Ugyb95885cFkzFhbi2t4AaABAg,2025-11-06T06:15:28Z,Streetlights are glowing perfectly now residents appreciate the timely repair.,Electrical,Feedback,https://www.youtube.com/watch?v=anW9fCBobug
Ugyb95885cFkzFhbi2t4AaABAg,2025-11-06T06:15:28Z,Great response regarding lamp. ಧನ್ಯವಾದಗಳು!,Electrical,Feedback,https://www.youtube.com/watch?v=anW9fCBobug
UgzJ-5FXREIjFfjNHYV4AaABAg,2023-08-06T18:49:21Z,Cable theft reported in Basavanagudi entire lane dark.,Electrical,Complaint,https://www.youtube.com/watch?v=UcR0uNA0y9g
Ugw-PD_0-1b7U-6ll4l4AaABAg,2025-08-03T10:33:50Z,Blackout handled efficiently power came back faster than expected.,Electrical,Feedback,https://www.youtube.com/watch?v=anW9fCBobug
Ugx-U_fRQztwkrnn0bF4AaABAg,2025-04-18T18:13:37Z,Electric pole leaning dangerously in Yelahanka risk of collapse.,Electrical,Complaint,https://www.youtube.com/watch?v=UcR0uNA0y9g
Ugz_1hzCgjzfaMtx4_V4AaABAg,2024-01-29T03:13:14Z,Good improvement in lamp. Thank you!,Electrical,Feedback,https://www.youtube.com/watch?v=anW9fCBobug
UgzHv6qINuHn4EobgYh4AaABAg,2025-11-19T15:10:57Z,Great response regarding ವಿದ್ಯುತ್. ಧನ್ಯವಾದಗಳು!,Electrical,Feedback,https://www.youtube.com/watch?v=anW9fCBobug
Ugz8320caInkTftzrj94AaABAg,2024-04-04T17:19:47Z,Streetlight system upgraded visibility is excellent at night.,Electrical,Feedback,https://www.youtube.com/watch?v=anW9fCBobug
UgxixtoiYaS6B6wIQ0h4AaABAg,2024-04-01T10:38:49Z,Positive changes seen in power. Thanks team.,Electrical,Feedback,https://www.youtube.com/watch?v=anW9fCBobug
Ugz7OShexYHWa1jv5HJ4AaABAg,2025-07-19T02:56:18Z,Great response regarding power. ಧನ್ಯವಾದಗಳು!,Electrical,Feedback,https://www.youtube.com/watch?v=anW9fCBobug
UgxixtoiYaS6B6wIQ0h4AaABAg,2024-04-01T10:38:49Z,Cables organized properly service quality has improved.,Electrical,Feedback,https://www.youtube.com/watch?v=anW9fCBobug
UgwLemJ9azVLNaw5goZ4AaABAg,2025-07-27T11:09:23Z,Happy with the recent work on electricity. Keep going.,Electrical,Feedback,https://www.youtube.com/watch?v=anW9fCBobug
UgwEbUA0q4TA4CXaDJJ4AaABAg,2024-03-17T05:21:30Z,Repeated power failures no response from authorities.,Electrical,Complaint,https://www.youtube.com/watch?v=UcR0uNA0y9g
UgxE8WyLKaIfGYDNaeJ4AaABAg,2025-04-03T16:48:08Z,Positive changes seen in streetlight. Thanks team.,Electrical,Feedback,https://www.youtube.com/watch?v=anW9fCBobug
Ugx7mPflIz1C0dnPBQx4AaABAg,2025-05-29T19:15:08Z,ವಿದ್ಯುತ್ has not been working properly. Kindly repair it.,Electrical,Complaint,https://www.youtube.com/watch?v=UcR0uNA0y9g
Ugyp66_hBIDueS2Xaul4AaABAg,2025-06-05T03:30:14Z,Authorities responded promptly residents feel grateful.,Electrical,Feedback,https://www.youtube.com/watch?v=anW9fCBobug
Ugx-U_fRQztwkrnn0bF4AaABAg,2025-04-18T18:13:37Z,There is an issue with power. Please fix it soon.,Electrical,Complaint,https://www.youtube.com/watch?v=UcR0uNA0y9g
Ugz_1hzCgjzfaMtx4_V4AaABAg,2024-01-29T03:13:14Z,Good improvement in lamp. Thank you!,Electrical,Feedback,https://www.youtube.com/watch?v=anW9fCBobug
UgzqABAEsQw0oALkIxx4AaABAg,2024-09-02T13:54:19Z,electricity service handled very well. Appreciated.,Electrical,Feedback,https://www.youtube.com/watch?v=anW9fCBobug
UgwWTlHvSRTFYaGjMW14AaABAg,2024-12-31T12:51:53Z,electricity service handled Good,Electrical,Feedback,https://www.youtube.com/watch?v=anW9fCBobug
UgxwOdh7hURdDGqRRCZ4AaABAg,2023-08-09T19:46:25Z,electricity service handled very well. Appreciated.,Electrical,Feedback,https://www.youtube.com/watch?v=anW9fCBobug
Ugzm9z_qlup67WCOMk14AaABAg,2025-11-02T18:50:17Z,LED lights installed energy saving and bright illumination achieved.,Electrical,Feedback,https://www.youtube.com/watch?v=anW9fCBobug
UgxdCHVa8RIsB9-zU854AaABAg,2025-09-14T13:25:09Z,Good improvement in electricity. Thank you!,Electrical,Feedback,https://www.youtube.com/watch?v=anW9fCBobug
UgwvGJBuFAGd1p5jcDx4AaABAg,2025-06-05T01:37:09Z,Street completely dark women feel unsafe returning home,Electrical,Complaint,https://www.youtube.com/watch?v=UcR0uNA0y9g
Ugw-8meIeSnVgLSv73t4AaABAg,2023-08-05T08:11:20Z,Streetlights not maintained walking at night feels scary.,Electrical,Complaint,https://www.youtube.com/watch?v=UcR0uNA0y9g
UgxdCHVa8RIsB9-zU854AaABAg,2025-09-14T13:25:09Z,Good improvement in electricity. Thank you!,Electrical,Feedback,https://www.youtube.com/watch?v=anW9fCBobug
UgypVqnvvv4DwBT27-14AaABAg,2025-05-21T12:11:04Z,Electric poles painted and maintained community appreciates the effort.,Electrical,Feedback,https://www.youtube.com/watch?v=anW9fCBobug
Ugz-jdoetxeWWQqEMvV4AaABAg,2025-08-29T07:45:37Z,High voltage surge destroyed household appliances anger everywhere,Electrical,Complaint,https://www.youtube.com/watch?v=UcR0uNA0y9g
UgxvILtx7kffSLeQY2t4AaABAg,2025-09-09T08:04:03Z,Streetlights checked regularly walking outside feels safe.,Electrical,Feedback,https://www.youtube.com/watch?v=anW9fCBobug
Ugx7mPflIz1C0dnPBQx4AaABAg,2025-05-29T19:15:08Z,In our area a streetlight pole has fallen on the road. Please remove it and install a new lamp.,Electrical,Complaint,https://www.youtube.com/watch?v=UcR0uNA0y9g
UgzjuflqDjQiyd9Npzx4AaABAg,2025-04-07T02:47:32Z,Positive changes seen in ಬೀದಿ ದೀಪ. Thanks team.,Electrical,Feedback,https://www.youtube.com/watch?v=anW9fCBobug
UgyL3_Sfeaap-rpV3mN4AaABAg,2025-08-15T04:07:34Z,power service handled very well. Appreciated.,Electrical,Feedback,https://www.youtube.com/watch?v=anW9fCBobug
UgzHv6qINuHn4EobgYh4AaABAg,2025-11-19T15:10:57Z,Voltage stabilized fans and lights run smoothly now,Electrical,Feedback,https://www.youtube.com/watch?v=anW9fCBobug
Ugzumy1PI3uMt8pu7GR4AaABAg,2025-08-11T15:01:08Z,lamp service handled very well. Appreciated.,Electrical,Feedback,https://www.youtube.com/watch?v=anW9fCBobug
Ugw-8meIeSnVgLSv73t4AaABAg,2023-08-05T08:11:20Z,Electric wires hanging loose unsafe for pedestrians.,Electrical,Complaint,https://www.youtube.com/watch?v=UcR0uNA0y9g
Ugy1IQlfcA8FPh-b9_J4AaABAg,2025-08-14T13:23:52Z,Happy with the recent work on streetlight. Keep going.,Electrical,Feedback,https://www.youtube.com/watch?v=anW9fCBobug
Ugyp66_hBIDueS2Xaul4AaABAg,2025-06-05T03:30:14Z,Quick repair work done residents satisfied with the service.,Electrical,Feedback,https://www.youtube.com/watch?v=anW9fCBobug
UgyKGmdf-Omokh2egPJ4AaABAg,2023-08-05T18:19:15Z,Positive changes seen in ವಿದ್ಯುತ್. Thanks team.,Electrical,Feedback,https://www.youtube.com/watch?v=anW9fCBobug
UgwvGJBuFAGd1p5jcDx4AaABAg,2025-06-05T01:37:09Z,Blackout due to transformer overload everyone is suffering,Electrical,Complaint,https://www.youtube.com/watch?v=UcR0uNA0y9g
UgypVqnvvv4DwBT27-14AaABAg,2025-05-21T12:11:04Z,Streetlights shining consistently no complaints from residents.,Electrical,Feedback,https://www.youtube.com/watch?v=anW9fCBobug
UgySOfkGCyMayuOxw754AaABAg,2025-11-16T06:14:00Z,Transformer serviced thoroughly no further breakdowns reported.,Electrical,Feedback,https://www.youtube.com/watch?v=anW9fCBobug
UgyL3_Sfeaap-rpV3mN4AaABAg,2025-08-15T04:07:34Z,Fuse repaired immediately electricity restored smoothly.,Electrical,Feedback,https://www.youtube.com/watch?v=anW9fCBobug
Ugx-U_fRQztwkrnn0bF4AaABAg,2025-04-18T18:13:37Z,Fuse blown no electricity for two days frustration rising.,Electrical,Complaint,https://www.youtube.com/watch?v=UcR0uNA0y9g
UgyL3_Sfeaap-rpV3mN4AaABAg,2025-08-15T04:07:34Z,Bright lighting installed families feel secure at night,Electrical,Feedback,https://www.youtube.com/watch?v=anW9fCBobug
UgwWTlHvSRTFYaGjMW14AaABAg,2024-12-31T12:51:53Z,Power supply uninterrupted households are happy with the improvement.,Electrical,Feedback,https://www.youtube.com/watch?v=anW9fCBobug
UgxixtoiYaS6B6wIQ0h4AaABAg,2024-04-01T10:38:49Z,Positive changes seen in power. Thanks team.,Electrical,Feedback,https://www.youtube.com/watch?v=anW9fCBobug
Ugw-PD_0-1b7U-6ll4l4AaABAg,2025-08-03T10:33:50Z,electricity supply stable,Electrical,Feedback,https://www.youtube.com/watch?v=anW9fCBobug
UgxE8WyLKaIfGYDNaeJ4AaABAg,2025-04-03T16:48:08Z,Streetlight system improved ,Electrical,Feedback,https://www.youtube.com/watch?v=anW9fCBobug
UgxwOdh7hURdDGqRRCZ4AaABAg,2023-08-09T19:46:25Z,electricity service handled very well. Appreciated.,Electrical,Feedback,https://www.youtube.com/watch?v=anW9fCBobug
UgyL3_Sfeaap-rpV3mN4AaABAg,2025-08-15T04:07:34Z,power service handled very well. Appreciated.,Electrical,Feedback,https://www.youtube.com/watch?v=anW9fCBobug
UgzJ-5FXREIjFfjNHYV4AaABAg,2023-08-06T18:49:21Z,Cable theft left the street without electricity residents helpless.,Electrical,Complaint,https://www.youtube.com/watch?v=UcR0uNA0y9g
Ugx7mPflIz1C0dnPBQx4AaABAg,2025-05-29T19:15:08Z,light has not been working properly. Kindly repair it.,Electrical,Complaint,https://www.youtube.com/watch?v=UcR0uNA0y9g
Ugz8320caInkTftzrj94AaABAg,2024-04-04T17:19:47Z,Positive changes seen in ವಿದ್ಯುತ್. Thanks team.,Electrical,Feedback,https://www.youtube.com/watch?v=anW9fCBobug
Ugz7OShexYHWa1jv5HJ4AaABAg,2025-07-19T02:56:18Z,Electric pole repaired,Electrical,Feedback,https://www.youtube.com/watch?v=anW9fCBobug
Ugyp66_hBIDueS2Xaul4AaABAg,2025-06-05T03:30:14Z,Voltage control successful,Electrical,Feedback,https://www.youtube.com/watch?v=anW9fCBobug
Ugzumy1PI3uMt8pu7GR4AaABAg,2025-08-11T15:01:08Z,lamp service handled very well. Appreciated.,Electrical,Feedback,https://www.youtube.com/watch?v=anW9fCBobug
Ugyp66_hBIDueS2Xaul4AaABAg,2025-06-05T03:30:14Z,Great response regarding lamp.,Electrical,Feedback,https://www.youtube.com/watch?v=anW9fCBobug
Ugzumy1PI3uMt8pu7GR4AaABAg,2025-08-11T15:01:08Z,lamp service handled very well. Appreciated.,Electrical,Feedback,https://www.youtube.com/watch?v=anW9fCBobug
UgypVqnvvv4DwBT27-14AaABAg,2025-05-21T12:11:04Z,Streetlights maintained properly walking outside feels safe,Electrical,Feedback,https://www.youtube.com/watch?v=anW9fCBobug
UgyL3_Sfeaap-rpV3mN4AaABAg,2025-08-15T04:07:34Z,Power restored faster than expected residents relieved.,Electrical,Feedback,https://www.youtube.com/watch?v=anW9fCBobug
UgyekA9pT4dLu10a_9J4AaABAg,2023-07-06T01:40:58Z,ವಿದ್ಯುತ್ has not been working properly Kindly repair it.,Electrical,Complaint,https://example.com
UgyKGmdf-Omokh2egPJ4AaABAg,2023-08-05T18:19:15Z,Streetlights upgraded to LED visibility excellent,Electrical,Feedback,https://www.youtube.com/watch?v=anW9fCBobug
Ugy1IQlfcA8FPh-b9_J4AaABAg,2025-08-14T13:23:52Z,Happy with the recent work on streetlight. Keep going.,Electrical,Feedback,https://www.youtube.com/watch?v=anW9fCBobug
UgzqABAEsQw0oALkIxx4AaABAg,2024-09-02T13:54:19Z,Electric cables replaced service quality improved.,Electrical,Feedback,https://www.youtube.com/watch?v=anW9fCBobug
Ugw-8meIeSnVgLSv73t4AaABAg,2023-08-05T08:11:20Z,Streetlight flickers all night visibility is poor.,Electrical,Complaint,https://www.youtube.com/watch?v=anW9fCBobug
UgxE8WyLKaIfGYDNaeJ4AaABAg,2025-04-03T16:48:08Z,Positive changes seen in streetlight. Thanks team.,Electrical,Feedback,https://www.youtube.com/watch?v=anW9fCBobug
Ugw-PD_0-1b7U-6ll4l4AaABAg,2025-08-03T10:33:50Z,Quick maintenance done residents appreciate the effort.,Electrical,Feedback,https://www.youtube.com/watch?v=anW9fCBobug
Ugw-PD_0-1b7U-6ll4l4AaABAg,2025-08-03T10:33:50Z,Streetlight wiring corrected no flickering issues anymore.,Electrical,Feedback,https://www.youtube.com/watch?v=anW9fCBobug
UgzymhcCssPj7B-AT0R4AaABAg,2025-08-18T18:22:05Z,Continuous power supply maintained residents happy with the improvement.,Electrical,Feedback,https://www.youtube.com/watch?v=anW9fCBobug
UgwvGJBuFAGd1p5jcDx4AaABAg,2025-06-05T01:37:09Z,Electric pole is leaning dangerously risk of collapse is high,Electrical,Complaint,https://www.youtube.com/watch?v=UcR0uNA0y9g
Ugz8320caInkTftzrj94AaABAg,2024-04-04T17:19:47Z,Bright lighting installed families feel secure at night.,Electrical,Feedback,https://www.youtube.com/watch?v=anW9fCBobug
Ugw-8meIeSnVgLSv73t4AaABAg,2023-08-05T08:11:20Z,Voltage keeps fluctuating fans and lights are burning out.,Electrical,Complaint,https://www.youtube.com/watch?v=UcR0uNA0y9g
Ugy1IQlfcA8FPh-b9_J4AaABAg,2025-08-14T13:23:52Z,Happy with the recent work on streetlight. Keep going.,Electrical,Feedback,https://www.youtube.com/watch?v=anW9fCBobug
Ugx7mPflIz1C0dnPBQx4AaABAg,2025-05-29T19:15:08Z,light has not been working properly. Kindly repair it.,Electrical,Complaint,https://www.youtube.com/watch?v=UcR0uNA0y9g
Ugw-PD_0-1b7U-6ll4l4AaABAg,2025-08-03T10:33:50Z,Voltage stabilized fans and lights working perfectly,Electrical,Feedback,https://www.youtube.com/watch?v=anW9fCBobug
Ugw-PD_0-1b7U-6ll4l4AaABAg,2025-08-03T10:33:50Z,Lamp posts shining clearly the street feels welcoming at night.,Electrical,Feedback,https://www.youtube.com/watch?v=anW9fCBobug
Ugyp66_hBIDueS2Xaul4AaABAg,2025-06-05T03:30:14Z,Electric wiring organized neatly no hazards remain,Electrical,Feedback,https://www.youtube.com/watch?v=anW9fCBobug
Ugyb95885cFkzFhbi2t4AaABAg,2025-11-06T06:15:28Z,Streetlight system improved visibility is excellent for pedestrians,Electrical,Feedback,https://www.youtube.com/watch?v=anW9fCBobug
Ugx-U_fRQztwkrnn0bF4AaABAg,2025-04-18T18:13:37Z,There is an issue with power. Please fix it soon.,Electrical,Complaint,https://www.youtube.com/watch?v=UcR0uNA0y9g
Ugw-PD_0-1b7U-6ll4l4AaABAg,2025-08-03T10:33:50Z,Blackout handled swiftly families relieved to have power back.,Electrical,Feedback,https://www.youtube.com/watch?v=anW9fCBobug
Ugxn5vWi34zBo1P6LaR4AaABAg,2025-07-27T06:19:22Z,Streetlight system improved,Electrical,Feedback,https://www.youtube.com/watch?v=anW9fCBobug
UgyekA9pT4dLu10a_9J4AaABAg,2023-07-06T01:40:58Z,Streetlight has not been working properly. Kindly repair it.,Electrical,Complaint,https://www.youtube.com/watch?v=UcR0uNA0y9g
UgzqABAEsQw0oALkIxx4AaABAg,2024-09-02T13:54:19Z,electricity service handled very well.,Electrical,Feedback,https://www.youtube.com/watch?v=anW9fCBobug
Ugx-U_fRQztwkrnn0bF4AaABAg,2025-04-18T18:13:37Z,Loose electric wires hanging dangerously children at risk.,Electrical,Complaint,https://www.youtube.com/watch?v=UcR0uNA0y9g
UgzjuflqDjQiyd9Npzx4AaABAg,2025-04-07T02:47:32Z,Positive changes seen in lights. Thanks team.,Electrical,Feedback,https://www.youtube.com/watch?v=anW9fCBobug
UgySOfkGCyMayuOxw754AaABAg,2025-11-16T06:14:00Z,power is well,Electrical,Feedback,https://www.youtube.com/watch?v=anW9fCBobug
UgypVqnvvv4DwBT27-14AaABAg,2025-05-21T12:11:04Z,ವಿದ್ಯುತ್. ಧನ್ಯವಾದಗಳು!,Electrical,Feedback,https://www.youtube.com/watch?v=anW9fCBobug
UgxpzvCDWMTfRBu0GvB4AaABAg,2023-08-09T15:41:25Z,Streetlights checked routinely community feels reassured.,Electrical,Feedback,https://www.youtube.com/watch?v=anW9fCBobug
Ugz-jdoetxeWWQqEMvV4AaABAg,2025-08-29T07:45:37Z,Power cut every evening unbearable for families,Electrical,Complaint,https://www.youtube.com/watch?v=UcR0uNA0y9g
UgwWTlHvSRTFYaGjMW14AaABAg,2024-12-31T12:51:53Z,electricity service very well.,Electrical,Feedback,https://www.youtube.com/watch?v=anW9fCBobug
UgxvILtx7kffSLeQY2t4AaABAg,2025-09-09T08:04:03Z,Good improvement in light,Electrical,Feedback,https://www.youtube.com/watch?v=anW9fCBobug
Ugw-PD_0-1b7U-6ll4l4AaABAg,2025-08-03T10:33:50Z,Great response regarding lamp. ಧನ್ಯವಾದಗಳು!,Electrical,Feedback,https://www.youtube.com/watch?v=anW9fCBobug
UgzHv6qINuHn4EobgYh4AaABAg,2025-11-19T15:10:57Z,light Repair team responded quickly,Electrical,Feedback,https://www.youtube.com/watch?v=anW9fCBobug
Ugyuz_hvYOEaE8mGHKx4AaABAg,2025-07-27T12:32:27Z,Happy with the recent work on power. Keep going.,Electrical,Feedback,https://www.youtube.com/watch?v=anW9fCBobug
Ugzumy1PI3uMt8pu7GR4AaABAg,2025-08-11T15:01:08Z,lamp service handled very well.,Electrical,Feedback,https://www.youtube.com/watch?v=anW9fCBobug
Ugz-jdoetxeWWQqEMvV4AaABAg,2025-08-29T07:45:37Z,Lamp post broken no repair done despite complaints.,Electrical,Complaint,https://www.youtube.com/watch?v=UcR0uNA0y9g
UgzjuflqDjQiyd9Npzx4AaABAg,2025-04-07T02:47:32Z,Continuous electricity supply maintained residents happy with the improvement.,Electrical,Feedback,https://www.youtube.com/watch?v=anW9fCBobug
Ugzumy1PI3uMt8pu7GR4AaABAg,2025-08-11T15:01:08Z,Streetlights upgraded visibility is clear and strong.,Electrical,Feedback,https://www.youtube.com/watch?v=anW9fCBobug
UgzjuflqDjQiyd9Npzx4AaABAg,2025-04-07T02:47:32Z,Power restored faster than expected residents relieved.,Electrical,Feedback,https://www.youtube.com/watch?v=anW9fCBobug
UgzqABAEsQw0oALkIxx4AaABAg,2024-09-02T13:54:19Z,Streetlights maintained carefully walking outside feels safe.,Electrical,Feedback,https://www.youtube.com/watch?v=anW9fCBobug
Ugz-jdoetxeWWQqEMvV4AaABAg,2025-08-29T07:45:37Z,Electric pole rusted looks like it may collapse.,Electrical,Complaint,https://www.youtube.com/watch?v=UcR0uNA0y9g
UgypVqnvvv4DwBT27-14AaABAg,2025-05-21T12:11:04Z,light is well,Electrical,Feedback,https://www.youtube.com/watch?v=anW9fCBobug
UgwEbUA0q4TA4CXaDJJ4AaABAg,2024-03-17T05:21:30Z,The condition of ಬೀದಿ ದೀಪ needs urgent attention.,Electrical,Complaint,https://www.youtube.com/watch?v=UcR0uNA0y9g
UgwvGJBuFAGd1p5jcDx4AaABAg,2025-06-05T01:37:09Z,High voltage fluctuations damaging household devices.,Electrical,Complaint,https://www.youtube.com/watch?v=UcR0uNA0y9g
UgzJ-5FXREIjFfjNHYV4AaABAg,2023-08-06T18:49:21Z,Fuse box burnt out no electricity for hours.,Electrical,Complaint,https://www.youtube.com/watch?v=UcR0uNA0y9g
Ugzoo7MZI4DUaOpyaeR4AaABAg,2025-07-31T19:21:43Z,power problem is causing inconvenience. Request quick action.,Electrical,Complaint,https://www.youtube.com/watch?v=UcR0uNA0y9g
UgxvILtx7kffSLeQY2t4AaABAg,2025-09-09T08:04:03Z,Good improvement in ವಿದ್ಯುತ್. Thank you!,Electrical,Feedback,https://www.youtube.com/watch?v=anW9fCBobug
Ugz_1hzCgjzfaMtx4_V4AaABAg,2024-01-29T03:13:14Z,lamp shine is Good,Electrical,Feedback,https://www.youtube.com/watch?v=anW9fCBobug
Ugyuz_hvYOEaE8mGHKx4AaABAg,2025-07-27T12:32:27Z,Happy with the recent work on power. Keep going.,Electrical,Feedback,https://www.youtube.com/watch?v=anW9fCBobug
Ugyb95885cFkzFhbi2t4AaABAg,2025-11-06T06:15:28Z,lights maintained carefully walking outside feels safe.,Electrical,Feedback,https://www.youtube.com/watch?v=anW9fCBobug
Ugyp66_hBIDueS2Xaul4AaABAg,2025-06-05T03:30:14Z,Great response regarding Lamp,Electrical,Feedback,https://www.youtube.com/watch?v=anW9fCBobug
Ugyuz_hvYOEaE8mGHKx4AaABAg,2025-07-27T12:32:27Z,Happy with the recent work on power. Keep going.,Electrical,Feedback,https://www.youtube.com/watch?v=anW9fCBobug
UgyL3_Sfeaap-rpV3mN4AaABAg,2025-08-15T04:07:34Z,power service handled very well. Appreciated.,Electrical,Feedback,https://www.youtube.com/watch?v=anW9fCBobug
Ugz7OShexYHWa1jv5HJ4AaABAg,2025-07-19T02:56:18Z,Great response regarding power. ಧನ್ಯವಾದಗಳು!,Electrical,Feedback,https://www.youtube.com/watch?v=anW9fCBobug
UgwEbUA0q4TA4CXaDJJ4AaABAg,2024-03-17T05:21:30Z,The condition of light needs urgent attention.,Electrical,Complaint,https://example.com
Ugz8320caInkTftzrj94AaABAg,2024-04-04T17:19:47Z,Positive changes seen in ವಿದ್ಯುತ್. Thanks team.,Electrical,Feedback,https://www.youtube.com/watch?v=anW9fCBobug
UgxvILtx7kffSLeQY2t4AaABAg,2025-09-09T08:04:03Z,Good improvement in ವಿದ್ಯುತ್. Thank you!,Electrical,Feedback,https://www.youtube.com/watch?v=anW9fCBobug
UgxpzvCDWMTfRBu0GvB4AaABAg,2023-08-09T15:41:25Z,Good improvement in power. Thank you!,Electrical,Feedback,https://www.youtube.com/watch?v=anW9fCBobug
Ugw-PD_0-1b7U-6ll4l4AaABAg,2025-08-03T10:33:50Z,Great response regarding ಬೀದಿ ದೀಪ. ಧನ್ಯವಾದಗಳು!,Electrical,Feedback,https://www.youtube.com/watch?v=anW9fCBobug
UgxixtoiYaS6B6wIQ0h4AaABAg,2024-04-01T10:38:49Z,Positive changes seen in power. Thanks team.,Electrical,Feedback,https://www.youtube.com/watch?v=anW9fCBobug
UgxE8WyLKaIfGYDNaeJ4AaABAg,2025-04-03T16:48:08Z,Positive changes seen in streetlight. Thanks team.,Electrical,Feedback,https://www.youtube.com/watch?v=anW9fCBobug
Ugzm9z_qlup67WCOMk14AaABAg,2025-11-02T18:50:17Z,Great response regarding streetlight. ಧನ್ಯವಾದಗಳು!,Electrical,Feedback,https://www.youtube.com/watch?v=anW9fCBobug
Ugw-PD_0-1b7U-6ll4l4AaABAg,2025-08-03T10:33:50Z,Great response regarding ಬೀದಿ ದೀಪ. ಧನ್ಯವಾದಗಳು!,Electrical,Feedback,https://www.youtube.com/watch?v=anW9fCBobug
Ugyuz_hvYOEaE8mGHKx4AaABAg,2025-07-27T12:32:27Z,Happy with the recent work on power. Keep going.,Electrical,Feedback,https://www.youtube.com/watch?v=anW9fCBobug
UgwGsLvX_AWEcpbHjs14AaABAg,2021-05-07T08:04:31Z,Positive changes seen in streetlight. Thanks team.,Electrical,Feedback,https://www.youtube.com/watch?v=anW9fCBobug
Ugz7OShexYHWa1jv5HJ4AaABAg,2025-07-19T02:56:18Z,Great response regarding power. ಧನ್ಯವಾದಗಳು!,Electrical,Feedback,https://www.youtube.com/watch?v=anW9fCBobug
UgyekA9pT4dLu10a_9J4AaABAg,2023-07-06T01:40:58Z,light has not been working properly. Kindly repair it.,Electrical,Complaint,https://www.youtube.com/watch?v=UcR0uNA0y9g
Ugw-8meIeSnVgLSv73t4AaABAg,2023-08-05T08:11:20Z,The condition of lamp needs urgent attention.,Electrical,Complaint,https://www.youtube.com/watch?v=UcR0uNA0y9g
UgxixtoiYaS6B6wIQ0h4AaABAg,2024-04-01T10:38:49Z,Positive changes seen in power. Thanks team.,Electrical,Feedback,https://www.youtube.com/watch?v=anW9fCBobug
Ugy1IQlfcA8FPh-b9_J4AaABAg,2025-08-14T13:23:52Z,Happy with the recent work on streetlight. Keep going.,Electrical,Feedback,https://www.youtube.com/watch?v=anW9fCBobug
Ugy1IQlfcA8FPh-b9_J4AaABAg,2025-08-14T13:23:52Z,Happy with the recent work on streetlight. Keep going.,Electrical,Feedback,https://www.youtube.com/watch?v=anW9fCBobug
Ugyuz_hvYOEaE8mGHKx4AaABAg,2025-07-27T12:32:27Z,Happy with the recent work on power. Keep going.,Electrical,Feedback,https://www.youtube.com/watch?v=anW9fCBobug
UgxwOdh7hURdDGqRRCZ4AaABAg,2023-08-09T19:46:25Z,electricity service handled very well. Appreciated.,Electrical,Feedback,https://www.youtube.com/watch?v=anW9fCBobug
UgxixtoiYaS6B6wIQ0h4AaABAg,2024-04-01T10:38:49Z,Positive changes seen in power. Thanks team.,Electrical,Feedback,https://www.youtube.com/watch?v=anW9fCBobug
Ugzumy1PI3uMt8pu7GR4AaABAg,2025-08-11T15:01:08Z,lamp service handled very well. Appreciated.,Electrical,Feedback,https://www.youtube.com/watch?v=anW9fCBobug
UgyKGmdf-Omokh2egPJ4AaABAg,2023-08-05T18:19:15Z,Positive changes seen in ವಿದ್ಯುತ್. Thanks team.,Electrical,Feedback,https://www.youtube.com/watch?v=anW9fCBobug
Ugzoo7MZI4DUaOpyaeR4AaABAg,2025-07-31T19:21:43Z,power problem is causing inconvenience. Request quick action.,Electrical,Complaint,https://www.youtube.com/watch?v=UcR0uNA0y9g
Ugx7mPflIz1C0dnPBQx4AaABAg,2025-05-29T19:15:08Z,Electric cables lying on the ground dangerous situation.,Electrical,Complaint,https://www.youtube.com/watch?v=UcR0uNA0y9g
Ugzm9z_qlup67WCOMk14AaABAg,2025-11-02T18:50:17Z,Great response regarding streetlight. ಧನ್ಯವಾದಗಳು!,Electrical,Feedback,https://www.youtube.com/watch?v=anW9fCBobug
UgxpzvCDWMTfRBu0GvB4AaABAg,2023-08-09T15:41:25Z,Good improvement in power. Thank you!,Electrical,Feedback,https://www.youtube.com/watch?v=anW9fCBobug
UgwGsLvX_AWEcpbHjs14AaABAg,2021-05-07T08:04:31Z,Positive changes seen in streetlight. Thanks team.,Electrical,Feedback,https://www.youtube.com/watch?v=anW9fCBobug
Ugz7OShexYHWa1jv5HJ4AaABAg,2025-07-19T02:56:18Z,Great response regarding power. ಧನ್ಯವಾದಗಳು!,Electrical,Feedback,https://www.youtube.com/watch?v=anW9fCBobug
UgzymhcCssPj7B-AT0R4AaABAg,2025-08-18T18:22:05Z,power service handled very well. Appreciated.,Electrical,Feedback,https://www.youtube.com/watch?v=anW9fCBobug
UgzYcBZq3nL1hvL6rUp4AaABAg,2024-09-20T05:57:04Z,Mosquito menace everywhere no fogging done residents sufferin,Health & Environment,Complaint,https://www.youtube.com/shorts/7hayOnoy4kM
UgxTuQvEjoksA5gkStV4AaABAg,2025-08-11T03:44:45Z,stagnant water causing mosquito breeding families scared of dengue,Health & Environment,Complaint,https://www.youtube.com/shorts/7hayOnoy4kM
UgxVeC-JH8mT3j6WphF4AaABAg,2025-06-28T05:34:16Z,Positive changes seen in ಆರೋಗ್ಯ. Thanks team.,Health & Environment,Feedback,https://www.youtube.com/watch?v=MGYd05gb3XE
UgxBmAuTuUVsfKyGngN4AaABAg,2025-04-17T18:38:01Z,Positive changes seen in ಸೊಳ್ಳೆ. Thanks team.,Health & Environment,Feedback,https://www.youtube.com/watch?v=MGYd05gb3XE
Ugya9yHTYV-nOmrxuUd4AaABAg,2023-02-17T06:07:20Z,Great response regarding pollution. ಧನ್ಯವಾದಗಳು!,Health & Environment,Feedback,https://www.youtube.com/watch?v=MGYd05gb3XE
Ugxq3xcftTmJWedh0Xp4AaABAg,2023-06-01T18:35:57Z,Mosquito bites every night children falling sick authorities not responding,Health & Environment,Complaint,https://www.youtube.com/shorts/7hayOnoy4kM
Ugya9yHTYV-nOmrxuUd4AaABAg,2023-02-17T06:07:20Z,Great response regarding pollution. ಧನ್ಯವಾದಗಳು!,Health & Environment,Feedback,https://www.youtube.com/watch?v=MGYd05gb3XE
UgzLy89EPAr5eYPdgMV4AaABAg,2025-05-18T08:48:05Z,Open drains full of mosquitoes people frustrated and helpless,Health & Environment,Complaint,https://www.youtube.com/shorts/7hayOnoy4kM
UgwBLT6iCrXke8DVuL94AaABAg,2024-07-08T12:18:48Z,Mosquito problem increasing no preventive measures taken residents angry,Health & Environment,Complaint,https://www.youtube.com/shorts/7hayOnoy4kM
Ugxlu08cCt7AMmDqxKN4AaABAg,2024-10-23T04:23:43Z,health service handled very well. Appreciated.,Health & Environment,Feedback,https://www.youtube.com/watch?v=MGYd05gb3XE
Ugw8CF1yDJAWCrRjpdd4AaABAg,2025-05-28T06:10:36Z,Good improvement in ಆರೋಗ್ಯ. Thank you!,Health & Environment,Feedback,https://www.youtube.com/watch?v=MGYd05gb3XE
UgyFrKPMp3msvJrcpbp4AaABAg,2022-07-30T16:41:28Z,Good improvement in pollution. Thank you!,Health & Environment,Feedback,https://www.youtube.com/watch?v=MGYd05gb3XE
Ugxe_cqc1LCJB_yHPMV4AaABAg,2025-09-05T16:48:59Z,Dust levels rising from construction children suffering allergies,Health & Environment,Complaint,https://www.youtube.com/shorts/7hayOnoy4kM
Ugxlu08cCt7AMmDqxKN4AaABAg,2024-10-23T04:23:43Z,health service handled very well. Appreciated.,Health & Environment,Feedback,https://www.youtube.com/watch?v=MGYd05gb3XE
Ugxaf8e_ZcwP-H2bQ8V4AaABAg,2024-01-10T11:34:03Z,The condition of drainage needs urgent attention.,Health & Environment,Complaint,https://www.youtube.com/shorts/7hayOnoy4kM
UgzL-YWfJFjY8lqL6Ed4AaABAg,2025-07-22T07:02:03Z,The condition of Mosquito needs urgent attention.,Health & Environment,Complaint,https://www.youtube.com/shorts/7hayOnoy4kM
Ugy5mGaIYAJguBVKIgx4AaABAg,2017-11-16T02:28:00Z,mosquito service handled very well. Appreciated.,Health & Environment,Feedback,https://www.youtube.com/watch?v=MGYd05gb3XE
UgzLy89EPAr5eYPdgMV4AaABAg,2025-05-18T08:48:05Z,Air pollution causing breathing problems people angry,Health & Environment,Complaint,https://www.youtube.com/shorts/7hayOnoy4kM
Ugxq3xcftTmJWedh0Xp4AaABAg,2023-06-01T18:35:57Z,Fogging not done mosquito problem increasing residents frustrated,Health & Environment,Complaint,https://www.youtube.com/shorts/7hayOnoy4kM
Ugxaf8e_ZcwP-H2bQ8V4AaABAg,2024-01-10T11:34:03Z,Uncollected garbage attracting flies health hazard for residents,Health & Environment,Complaint,https://www.youtube.com/shorts/7hayOnoy4kM
UgxVeC-JH8mT3j6WphF4AaABAg,2025-06-28T05:34:16Z,Positive changes seen in ಆರೋಗ್ಯ. Thanks team.,Health & Environment,Feedback,https://www.youtube.com/watch?v=MGYd05gb3XE
Ugx8TTBFcp15Ze6xG2R4AaABAg,2023-05-28T13:40:59Z,Noise pollution from loudspeakers unbearable community frustrated,Health & Environment,Complaint,https://www.youtube.com/shorts/7hayOnoy4kM
Ugw4yaZ6PkcZrAjLy4F4AaABAg,2025-10-11T03:58:25Z,Positive changes seen in pollution. Thanks team.,Health & Environment,Feedback,https://www.youtube.com/watch?v=MGYd05gb3XE
Ugya9yHTYV-nOmrxuUd4AaABAg,2023-02-17T06:07:20Z,Great response regarding pollution. ಧನ್ಯವಾದಗಳು!,Health & Environment,Feedback,https://www.youtube.com/watch?v=MGYd05gb3XE
UgzYcBZq3nL1hvL6rUp4AaABAg,2024-09-20T05:57:04Z,Mosquito breeding in stagnant drains residents fearful of diseases,Health & Environment,Complaint,https://www.youtube.com/shorts/7hayOnoy4kM
Ugy5mGaIYAJguBVKIgx4AaABAg,2017-11-16T02:28:00Z,mosquito service handled very well. Appreciated.,Health & Environment,Feedback,https://www.youtube.com/watch?v=MGYd05gb3XE
UgxuPCKNy0Ek5ILp3vN4AaABAg,2025-06-15T18:47:05Z,Drainage overflow spreading foul smell families frustrated and helpless,Health & Environment,Complaint,https://www.youtube.com/shorts/7hayOnoy4kM
Ugxe_cqc1LCJB_yHPMV4AaABAg,2025-09-05T16:48:59Z,Sewage leakage untreated households angry and worried about health,Health & Environment,Complaint,https://www.youtube.com/shorts/7hayOnoy4kM
Ugzvoaz5zb6R7gOq3YJ4AaABAg,2025-08-22T02:53:45Z,Happy with the recent work on ಆರೋಗ್ಯ. Keep going.,Health & Environment,Feedback,https://www.youtube.com/watch?v=MGYd05gb3XE
Ugw4yaZ6PkcZrAjLy4F4AaABAg,2025-10-11T03:58:25Z,Positive changes seen in pollution. Thanks team.,Health & Environment,Feedback,https://www.youtube.com/watch?v=MGYd05gb3XE
Ugw8CF1yDJAWCrRjpdd4AaABAg,2025-05-28T06:10:36Z,Good improvement in ಆರೋಗ್ಯ. Thank you!,Health & Environment,Feedback,https://www.youtube.com/watch?v=MGYd05gb3XE
UgwBLT6iCrXke8DVuL94AaABAg,2024-07-08T12:18:48Z,Dust clouds from roadwork children coughing continuously parents frustrated,Health & Environment,Complaint,https://www.youtube.com/shorts/7hayOnoy4kM
UgxEof8SW0GAmNJT0MJ4AaABAg,2023-05-28T13:12:53Z,Noise levels too high residents unable to sleep community angry,Health & Environment,Complaint,https://www.youtube.com/shorts/7hayOnoy4kM
Ugw8CF1yDJAWCrRjpdd4AaABAg,2025-05-28T06:10:36Z,Good improvement in ಆರೋಗ್ಯ. Thank you!,Health & Environment,Feedback,https://www.youtube.com/watch?v=MGYd05gb3XE
UgwEIWsHqIDEK6F-26p4AaABAg,2025-06-11T14:29:17Z,Happy with the recent work on mosquito. Keep going.,Health & Environment,Feedback,https://www.youtube.com/watch?v=MGYd05gb3XE
Ugxe_cqc1LCJB_yHPMV4AaABAg,2025-09-05T16:48:59Z,Mosquito menace increasing fogging not done residents helpless,Health & Environment,Complaint,https://www.youtube.com/shorts/7hayOnoy4kM
UgyFrKPMp3msvJrcpbp4AaABAg,2022-07-30T16:41:28Z,Good improvement in pollution. Thank you!,Health & Environment,Feedback,https://www.youtube.com/watch?v=MGYd05gb3XE
Ugy5mGaIYAJguBVKIgx4AaABAg,2017-11-16T02:28:00Z,mosquito service handled very well. Appreciated.,Health & Environment,Feedback,https://www.youtube.com/watch?v=MGYd05gb3XE
UgzL-YWfJFjY8lqL6Ed4AaABAg,2025-07-22T07:02:03Z,Drainage blocked foul odor spreading people disgusted,Health & Environment,Complaint,https://www.youtube.com/shorts/7hayOnoy4kM
UgxBmAuTuUVsfKyGngN4AaABAg,2025-04-17T18:38:01Z,Positive changes seen in ಸೊಳ್ಳೆ. Thanks team.,Health & Environment,Feedback,https://www.youtube.com/watch?v=MGYd05gb3XE
Ugw51NhUtTmkxIpCUip4AaABAg,2025-07-27T07:51:14Z,Sewage mixing with tap water families scared and frustrated,Health & Environment,Complaint,https://www.youtube.com/shorts/7hayOnoy4kM
UgwnKc4DtWSJ3rGQM4d4AaABAg,2025-09-27T08:23:13Z,Good improvement in ಮಾಲಿನ್ಯ. Thank you!,Health & Environment,Feedback,https://www.youtube.com/watch?v=MGYd05gb3XE
Ugwbx7EJ8JRZ6AG2DY94AaABAg,2025-07-30T12:28:05Z,Mosquito menace increasing no fogging done residents fearful of dengue,Health & Environment,Complaint,https://www.youtube.com/shorts/7hayOnoy4kM
UgwBLT6iCrXke8DVuL94AaABAg,2024-07-08T12:18:48Z,Stagnant water everywhere mosquito breeding uncontrolled families worried about malaria,Health & Environment,Complaint,https://www.youtube.com/shorts/7hayOnoy4kM
UgxBmAuTuUVsfKyGngN4AaABAg,2025-04-17T18:38:01Z,Positive changes seen in ಸೊಳ್ಳೆ. Thanks team.,Health & Environment,Feedback,https://www.youtube.com/watch?v=MGYd05gb3XE
UgzLy89EPAr5eYPdgMV4AaABAg,2025-05-18T08:48:05Z,Dust rising from construction sites children suffering allergies families frustrated,Health & Environment,Complaint,https://www.youtube.com/shorts/7hayOnoy4kM
UgyZvwsFhfTnKf41Xix4AaABAg,2025-03-17T21:01:35Z,Great response regarding ಆರೋಗ್ಯ. ಧನ್ಯವಾದಗಳು!,Health & Environment,Feedback,https://www.youtube.com/watch?v=MGYd05gb3XE
UgwnKc4DtWSJ3rGQM4d4AaABAg,2025-09-27T08:23:13Z,Good improvement in ಮಾಲಿನ್ಯ. Thank you!,Health & Environment,Feedback,https://www.youtube.com/watch?v=MGYd05gb3XE
Ugw51NhUtTmkxIpCUip4AaABAg,2025-07-27T07:51:14Z,Noise pollution from machinery unbearable residents angry,Health & Environment,Complaint,https://www.youtube.com/shorts/7hayOnoy4kM
UgwBLT6iCrXke8DVuL94AaABAg,2024-07-08T12:18:48Z,Mosquito menace spreading diseases families fearful and frustrated,Health & Environment,Complaint,https://www.youtube.com/shorts/7hayOnoy4kM
Ugxlu08cCt7AMmDqxKN4AaABAg,2024-10-23T04:23:43Z,health service handled very well. Appreciated.,Health & Environment,Feedback,https://www.youtube.com/watch?v=MGYd05gb3XE
Ugwbx7EJ8JRZ6AG2DY94AaABAg,2025-07-30T12:28:05Z,Drainage not maintained foul smell everywhere residents disgusted,Health & Environment,Complaint,https://www.youtube.com/shorts/7hayOnoy4kM
Ugya9yHTYV-nOmrxuUd4AaABAg,2023-02-17T06:07:20Z,Great response regarding pollution. ಧನ್ಯವಾದಗಳು!,Health & Environment,Feedback,https://www.youtube.com/watch?v=MGYd05gb3XE
Ugya9yHTYV-nOmrxuUd4AaABAg,2023-02-17T06:07:20Z,Great response regarding pollution. ಧನ್ಯವಾದಗಳು!,Health & Environment,Feedback,https://www.youtube.com/watch?v=MGYd05gb3XE
Ugxq3xcftTmJWedh0Xp4AaABAg,2023-06-01T18:35:57Z,pollution problem is causing inconvenience. Request quick action.,Health & Environment,Complaint,https://www.youtube.com/shorts/7hayOnoy4kM
Ugxaf8e_ZcwP-H2bQ8V4AaABAg,2024-01-10T11:34:03Z,Mosquito bites causing fever children falling sick households frustrated,Health & Environment,Complaint,https://www.youtube.com/shorts/7hayOnoy4kM
UgxBmAuTuUVsfKyGngN4AaABAg,2025-04-17T18:38:01Z,Positive changes seen in ಸೊಳ್ಳೆ. Thanks team.,Health & Environment,Feedback,https://www.youtube.com/watch?v=MGYd05gb3XE
Ugy5mGaIYAJguBVKIgx4AaABAg,2017-11-16T02:28:00Z,mosquito service handled very well. Appreciated.,Health & Environment,Feedback,https://www.youtube.com/watch?v=MGYd05gb3XE
Ugya9yHTYV-nOmrxuUd4AaABAg,2023-02-17T06:07:20Z,Great response regarding pollution. ಧನ್ಯವಾದಗಳು!,Health & Environment,Feedback,https://www.youtube.com/watch?v=MGYd05gb3XE
Ugxaf8e_ZcwP-H2bQ8V4AaABAg,2024-01-10T11:34:03Z,Open drains full of mosquitoes residents angry about poor sanitation,Health & Environment,Complaint,https://www.youtube.com/shorts/7hayOnoy4kM
Ugw51NhUtTmkxIpCUip4AaABAg,2025-07-27T07:51:14Z,Mosquito problem rising garbage piles attracting insects community disgusted,Health & Environment,Complaint,https://www.youtube.com/shorts/7hayOnoy4kM
UgyBledwRrsjqS3l2PB4AaABAg,2024-07-12T02:05:07Z,ಆರೋಗ್ಯ service handled very well. Appreciated.,Health & Environment,Feedback,https://www.youtube.com/watch?v=MGYd05gb3XE
UgxEof8SW0GAmNJT0MJ4AaABAg,2023-05-28T13:12:53Z,Fogging not done regularly mosquito menace spreading diseases residents helpless,Health & Environment,Complaint,https://www.youtube.com/shorts/7hayOnoy4kM
Ugzvoaz5zb6R7gOq3YJ4AaABAg,2025-08-22T02:53:45Z,Happy with the recent work on ಆರೋಗ್ಯ. Keep going.,Health & Environment,Feedback,https://www.youtube.com/watch?v=MGYd05gb3XE
UgwBLT6iCrXke8DVuL94AaABAg,2024-07-08T12:18:48Z,Mosquito breeding near sewage families fearful of chikungunya,Health & Environment,Complaint,https://www.youtube.com/shorts/7hayOnoy4kM
Ugxq3xcftTmJWedh0Xp4AaABAg,2023-06-01T18:35:57Z,Too many mosquitoes at night residents unable to sleep households frustrated,Health & Environment,Complaint,https://www.youtube.com/shorts/7hayOnoy4kM
UgxuPCKNy0Ek5ILp3vN4AaABAg,2025-06-15T18:47:05Z,Mosquito bites increasing no preventive measures taken residents worried,Health & Environment,Complaint,https://www.youtube.com/shorts/7hayOnoy4kM
Ugxlu08cCt7AMmDqxKN4AaABAg,2024-10-23T04:23:43Z,health service handled very well. Appreciated.,Health & Environment,Feedback,https://www.youtube.com/watch?v=MGYd05gb3XE
Ugxaf8e_ZcwP-H2bQ8V4AaABAg,2024-01-10T11:34:03Z,- Mosquito breeding in uncovered tanks households fearful of health risks,Health & Environment,Complaint,https://www.youtube.com/shorts/7hayOnoy4kM
UgxBmAuTuUVsfKyGngN4AaABAg,2025-04-17T18:38:01Z,Positive changes seen in ಸೊಳ್ಳೆ. Thanks team.,Health & Environment,Feedback,https://www.youtube.com/watch?v=MGYd05gb3XE
UgyFrKPMp3msvJrcpbp4AaABAg,2022-07-30T16:41:28Z,Good improvement in pollution. Thank you!,Health & Environment,Feedback,https://www.youtube.com/watch?v=MGYd05gb3XE
UgwEIWsHqIDEK6F-26p4AaABAg,2025-06-11T14:29:17Z,Happy with the recent work on mosquito. Keep going.,Health & Environment,Feedback,https://www.youtube.com/watch?v=MGYd05gb3XE
Ugw4yaZ6PkcZrAjLy4F4AaABAg,2025-10-11T03:58:25Z,Positive changes seen in pollution. Thanks team.,Health & Environment,Feedback,https://www.youtube.com/watch?v=MGYd05gb3XE
UgxTuQvEjoksA5gkStV4AaABAg,2025-08-11T03:44:45Z,Mosquito menace spreading diseases families fearful and frustrated,Health & Environment,Complaint,https://www.youtube.com/shorts/7hayOnoy4kM
UgzLy89EPAr5eYPdgMV4AaABAg,2025-05-18T08:48:05Z,Mosquito menace spreading infections residents frustrated and helpless,Health & Environment,Complaint,https://www.youtube.com/shorts/7hayOnoy4kM
Ugw4yaZ6PkcZrAjLy4F4AaABAg,2025-10-11T03:58:25Z,Positive changes seen in pollution. Thanks team.,Health & Environment,Feedback,https://www.youtube.com/watch?v=MGYd05gb3XE
UgxBmAuTuUVsfKyGngN4AaABAg,2025-04-17T18:38:01Z,Positive changes seen in ಸೊಳ್ಳೆ. Thanks team.,Health & Environment,Feedback,https://www.youtube.com/watch?v=MGYd05gb3XE
UgxEof8SW0GAmNJT0MJ4AaABAg,2023-05-28T13:12:53Z,Mosquito problem rising due to clogged drainage families angry,Health & Environment,Complaint,https://www.youtube.com/shorts/7hayOnoy4kM
Ugxaf8e_ZcwP-H2bQ8V4AaABAg,2024-01-10T11:34:03Z,Mosquito menace uncontrolled residents fearful of spreading diseases,Health & Environment,Complaint,https://www.youtube.com/shorts/7hayOnoy4kM
Ugw51NhUtTmkxIpCUip4AaABAg,2025-07-27T07:51:14Z,Mosquito bites causing sickness households frustrated with authorities,Health & Environment,Complaint,https://www.youtube.com/shorts/7hayOnoy4kM
UgwBLT6iCrXke8DVuL94AaABAg,2024-07-08T12:18:48Z,Mosquito breeding in dirty surroundings families disgusted and worried,Health & Environment,Complaint,https://www.youtube.com/shorts/7hayOnoy4kM
UgyBledwRrsjqS3l2PB4AaABAg,2024-07-12T02:05:07Z,ಆರೋಗ್ಯ service handled very well. Appreciated.,Health & Environment,Feedback,https://www.youtube.com/watch?v=MGYd05gb3XE
UgxBmAuTuUVsfKyGngN4AaABAg,2025-04-17T18:38:01Z,Positive changes seen in ಸೊಳ್ಳೆ. Thanks team.,Health & Environment,Feedback,https://www.youtube.com/watch?v=MGYd05gb3XE
Ugxq3xcftTmJWedh0Xp4AaABAg,2023-06-01T18:35:57Z,Mosquito menace due to poor sanitation residents angry and helpless,Health & Environment,Complaint,https://www.youtube.com/shorts/7hayOnoy4kM
UgxuPCKNy0Ek5ILp3vN4AaABAg,2025-06-15T18:47:05Z,Mosquito problem increasing no action taken households fearful,Health & Environment,Complaint,https://www.youtube.com/shorts/7hayOnoy4kM
Ugxe_cqc1LCJB_yHPMV4AaABAg,2025-09-05T16:48:59Z,Mosquito menace disturbing community health residents frustrated,Health & Environment,Complaint,https://www.youtube.com/shorts/7hayOnoy4kM
UgwnKc4DtWSJ3rGQM4d4AaABAg,2025-09-27T08:23:13Z,Good improvement in ಮಾಲಿನ್ಯ. Thank you!,Health & Environment,Feedback,https://www.youtube.com/watch?v=MGYd05gb3XE
UgxEof8SW0GAmNJT0MJ4AaABAg,2023-05-28T13:12:53Z,Mosquito breeding in stagnant drains families worried about dengue outbreak,Health & Environment,Complaint,https://www.youtube.com/shorts/7hayOnoy4kM
UgzL-YWfJFjY8lqL6Ed4AaABAg,2025-07-22T07:02:03Z,Mosquito menace increasing households frustrated with sleepless nights,Health & Environment,Complaint,https://www.youtube.com/shorts/7hayOnoy4kM
UgyZvwsFhfTnKf41Xix4AaABAg,2025-03-17T21:01:35Z,Great response regarding ಆರೋಗ್ಯ. ಧನ್ಯವಾದಗಳು!,Health & Environment,Feedback,https://www.youtube.com/watch?v=MGYd05gb3XE
UgwEIWsHqIDEK6F-26p4AaABAg,2025-06-11T14:29:17Z,Happy with the recent work on mosquito. Keep going.,Health & Environment,Feedback,https://www.youtube.com/watch?v=MGYd05gb3XE
UgyFrKPMp3msvJrcpbp4AaABAg,2022-07-30T16:41:28Z,Good improvement in pollution. Thank you!,Health & Environment,Feedback,https://www.youtube.com/watch?v=MGYd05gb3XE
Ugzvoaz5zb6R7gOq3YJ4AaABAg,2025-08-22T02:53:45Z,Happy with the recent work on ಆರೋಗ್ಯ. Keep going.,Health & Environment,Feedback,https://www.youtube.com/watch?v=MGYd05gb3XE
UgxEof8SW0GAmNJT0MJ4AaABAg,2023-05-28T13:12:53Z,Too many mosquitoes every evening families helpless and frustrated,Health & Environment,Complaint,https://www.youtube.com/shorts/7hayOnoy4kM
Ugxlu08cCt7AMmDqxKN4AaABAg,2024-10-23T04:23:43Z,health service handled very well. Appreciated.,Health & Environment,Feedback,https://www.youtube.com/watch?v=MGYd05gb3XE
Ugwbx7EJ8JRZ6AG2DY94AaABAg,2025-07-30T12:28:05Z,Mosquito bites causing fever families worried about malaria outbreak.,Health & Environment,Complaint,https://www.youtube.com/shorts/7hayOnoy4kM
UgxEof8SW0GAmNJT0MJ4AaABAg,2023-05-28T13:12:53Z,Fogging drive missing mosquito problem rising residents angry,Health & Environment,Complaint,https://www.youtube.com/shorts/7hayOnoy4kM
UgzL-YWfJFjY8lqL6Ed4AaABAg,2025-07-22T07:02:03Z,Mosquito breeding in drains community disgusted with poor sanitation,Health & Environment,Complaint,https://www.youtube.com/shorts/7hayOnoy4kM
Ugw8CF1yDJAWCrRjpdd4AaABAg,2025-05-28T06:10:36Z,Good improvement in ಆರೋಗ್ಯ. Thank you!,Health & Environment,Feedback,https://www.youtube.com/watch?v=MGYd05gb3XE
Ugxq3xcftTmJWedh0Xp4AaABAg,2023-06-01T18:35:57Z,Mosquito menace spreading infections households fearful of chikungunya,Health & Environment,Complaint,https://www.youtube.com/shorts/7hayOnoy4kM
UgzL-YWfJFjY8lqL6Ed4AaABAg,2025-07-22T07:02:03Z,Mosquito bites disturbing daily life families worried about health risks,Health & Environment,Complaint,https://www.youtube.com/shorts/7hayOnoy4kM
UgzLy89EPAr5eYPdgMV4AaABAg,2025-05-18T08:48:05Z,Mosquito breeding in sewage households frustrated and fearful,Health & Environment,Complaint,https://www.youtube.com/shorts/7hayOnoy4kM
Ugya9yHTYV-nOmrxuUd4AaABAg,2023-02-17T06:07:20Z,Great response regarding pollution. ಧನ್ಯವಾದಗಳು!,Health & Environment,Feedback,https://www.youtube.com/watch?v=MGYd05gb3XE
UgzYcBZq3nL1hvL6rUp4AaABAg,2024-09-20T05:57:04Z,Mosquito menace uncontrolled residents angry about lack of action,Health & Environment,Complaint,https://www.youtube.com/shorts/7hayOnoy4kM
UgxVeC-JH8mT3j6WphF4AaABAg,2025-06-28T05:34:16Z,Positive changes seen in ಆರೋಗ್ಯ. Thanks team.,Health & Environment,Feedback,https://www.youtube.com/watch?v=MGYd05gb3XE
Ugya9yHTYV-nOmrxuUd4AaABAg,2023-02-17T06:07:20Z,Great response regarding pollution. ಧನ್ಯವಾದಗಳು!,Health & Environment,Feedback,https://www.youtube.com/watch?v=MGYd05gb3XE
UgxVeC-JH8mT3j6WphF4AaABAg,2025-06-28T05:34:16Z,Positive changes seen in ಆರೋಗ್ಯ. Thanks team.,Health & Environment,Feedback,https://www.youtube.com/watch?v=MGYd05gb3XE
Ugw51NhUtTmkxIpCUip4AaABAg,2025-07-27T07:51:14Z,Stagnant water around houses mosquito problem worsening families helpless,Health & Environment,Complaint,https://www.youtube.com/shorts/7hayOnoy4kM
UgwnKc4DtWSJ3rGQM4d4AaABAg,2025-09-27T08:23:13Z,Good improvement in ಮಾಲಿನ್ಯ. Thank you!,Health & Environment,Feedback,https://www.youtube.com/watch?v=MGYd05gb3XE
Ugw51NhUtTmkxIpCUip4AaABAg,2025-07-27T07:51:14Z,Mosquito bites increasing children falling sick parents worried,Health & Environment,Complaint,https://www.youtube.com/shorts/7hayOnoy4kM
Ugw8CF1yDJAWCrRjpdd4AaABAg,2025-05-28T06:10:36Z,Good improvement in ಆರೋಗ್ಯ. Thank you!,Health & Environment,Feedback,https://www.youtube.com/watch?v=MGYd05gb3XE
Ugxlu08cCt7AMmDqxKN4AaABAg,2024-10-23T04:23:43Z,health service handled very well. Appreciated.,Health & Environment,Feedback,https://www.youtube.com/watch?v=MGYd05gb3XE
UgxEof8SW0GAmNJT0MJ4AaABAg,2023-05-28T13:12:53Z,Mosquito menace due to poor sanitation residents frustrated and disgusted,Health & Environment,Complaint,https://www.youtube.com/shorts/7hayOnoy4kM
UgzYcBZq3nL1hvL6rUp4AaABAg,2024-09-20T05:57:04Z,Fogging not done regularly mosquito menace spreading diseases households angry,Health & Environment,Complaint,https://www.youtube.com/shorts/7hayOnoy4kM
UgwBLT6iCrXke8DVuL94AaABAg,2024-07-08T12:18:48Z,Mosquito breeding in uncovered tanks families fearful of dengue and malaria,Health & Environment,Complaint,https://www.youtube.com/shorts/7hayOnoy4kM
Ugy5mGaIYAJguBVKIgx4AaABAg,2017-11-16T02:28:00Z,mosquito service handled very well. Appreciated.,Health & Environment,Feedback,https://www.youtube.com/watch?v=MGYd05gb3XE
Ugxe_cqc1LCJB_yHPMV4AaABAg,2025-09-05T16:48:59Z,Mosquito menace disturbing community health residents frustrated,Health & Environment,Complaint,https://www.youtube.com/shorts/7hayOnoy4kM
UgxVeC-JH8mT3j6WphF4AaABAg,2025-06-28T05:34:16Z,Positive changes seen in ಆರೋಗ್ಯ. Thanks team.,Health & Environment,Feedback,https://www.youtube.com/watch?v=MGYd05gb3XE
UgwBLT6iCrXke8DVuL94AaABAg,2024-07-08T12:18:48Z,Mosquito problem rising households angry about negligence,Health & Environment,Complaint,https://www.youtube.com/shorts/7hayOnoy4kM
Ugxq3xcftTmJWedh0Xp4AaABAg,2023-06-01T18:35:57Z,Mosquito bites causing sickness families helpless and worried,Health & Environment,Complaint,https://www.youtube.com/shorts/7hayOnoy4kM
Ugxq3xcftTmJWedh0Xp4AaABAg,2023-06-01T18:35:57Z,Mosquito menace spreading rapidly residents frustrated with authorities,Health & Environment,Complaint,https://www.youtube.com/shorts/7hayOnoy4kM
UgwEIWsHqIDEK6F-26p4AaABAg,2025-06-11T14:29:17Z,Happy with the recent work on mosquito. Keep going.,Health & Environment,Feedback,https://www.youtube.com/watch?v=MGYd05gb3XE
Ugxe_cqc1LCJB_yHPMV4AaABAg,2025-09-05T16:48:59Z,Coronavirus treatment cost in private hospital too high patients frustrated with heavy bills,Health & Environment,Complaint,https://www.youtube.com/watch?v=brcadWUsIhI
UgxBmAuTuUVsfKyGngN4AaABAg,2025-04-17T18:38:01Z,Government not fixing hospital charges families worried about expensive coronavirus treatment,Health & Environment,Feedback,https://www.youtube.com/watch?v=MGYd05gb3XE
Ugzvoaz5zb6R7gOq3YJ4AaABAg,2025-08-22T02:53:45Z,Happy with the recent work on ಆರೋಗ್ಯ. Keep going.,Health & Environment,Feedback,https://www.youtube.com/watch?v=MGYd05gb3XE
Ugzm4zfPFmbVeCNIsrZ4AaABAg,2025-08-01T04:51:57Z,Private hospital demanding extra fees patients angry about unfair coronavirus bills,Health & Environment,Complaint,https://www.youtube.com/watch?v=brcadWUsIhI
Ugx8TTBFcp15Ze6xG2R4AaABAg,2023-05-28T13:40:59Z,Coronavirus treatment cost uncontrolled residents helpless about rising medical expenses,Health & Environment,Complaint,https://www.youtube.com/watch?v=brcadWUsIhI
Ugxq3xcftTmJWedh0Xp4AaABAg,2023-06-01T18:35:57Z,Hospital charges for coronavirus treatment unreasonable families frustrated with private hospitals,Health & Environment,Complaint,https://www.youtube.com/watch?v=brcadWUsIhI
Ugya9yHTYV-nOmrxuUd4AaABAg,2023-02-17T06:07:20Z,Great response regarding pollution. ಧನ್ಯವಾದಗಳು!,Health & Environment,Feedback,https://www.youtube.com/watch?v=MGYd05gb3XE
Ugzm4zfPFmbVeCNIsrZ4AaABAg,2025-08-01T04:51:57Z,Government delay in regulating treatment cost patients suffering financially,Health & Environment,Complaint,https://www.youtube.com/watch?v=brcadWUsIhI
Ugya9yHTYV-nOmrxuUd4AaABAg,2023-02-17T06:07:20Z,Great response regarding pollution. ಧನ್ಯವಾದಗಳು!,Health & Environment,Feedback,https://www.youtube.com/watch?v=MGYd05gb3XE
UgzYcBZq3nL1hvL6rUp4AaABAg,2024-09-20T05:57:04Z,Private hospital bills for coronavirus treatment shocking residents angry about exploitation,Health & Environment,Complaint,https://www.youtube.com/watch?v=brcadWUsIhI
Ugxaf8e_ZcwP-H2bQ8V4AaABAg,2024-01-10T11:34:03Z,Coronavirus treatment cost burden too heavy households worried about affordability,Health & Environment,Complaint,https://www.youtube.com/watch?v=brcadWUsIhI
Ugxe_cqc1LCJB_yHPMV4AaABAg,2025-09-05T16:48:59Z,Hospital demanding advance payment for coronavirus patients families frustrated and helpless,Health & Environment,Complaint,https://www.youtube.com/watch?v=brcadWUsIhI
UgyZvwsFhfTnKf41Xix4AaABAg,2025-03-17T21:01:35Z,Great response regarding ಆರೋಗ್ಯ. ಧನ್ಯವಾದಗಳು!,Health & Environment,Feedback,https://www.youtube.com/watch?v=MGYd05gb3XE
Ugw4yaZ6PkcZrAjLy4F4AaABAg,2025-10-11T03:58:25Z,Positive changes seen in pollution. Thanks team.,Health & Environment,Feedback,https://www.youtube.com/watch?v=MGYd05gb3XE
UgxuPCKNy0Ek5ILp3vN4AaABAg,2025-06-15T18:47:05Z,Government not monitoring private hospital charges residents angry about negligence,Health & Environment,Complaint,https://www.youtube.com/watch?v=brcadWUsIhI
UgyZvwsFhfTnKf41Xix4AaABAg,2025-03-17T21:01:35Z,Great response regarding ಆರೋಗ್ಯ. ಧನ್ಯವಾದಗಳು!,Health & Environment,Feedback,https://www.youtube.com/watch?v=MGYd05gb3XE
UgzL-YWfJFjY8lqL6Ed4AaABAg,2025-07-22T07:02:03Z,Coronavirus treatment cost increasing patients fearful of debt,Health & Environment,Complaint,https://www.youtube.com/watch?v=brcadWUsIhI
UgxTuQvEjoksA5gkStV4AaABAg,2025-08-11T03:44:45Z,Private hospital charging differently for same coronavirus treatment families frustrated,Health & Environment,Complaint,https://www.youtube.com/watch?v=brcadWUsIhI
UgwBLT6iCrXke8DVuL94AaABAg,2024-07-08T12:18:48Z,There is an issue with drainage. Please fix it soon.,Health & Environment,Complaint,https://www.youtube.com/watch?v=brcadWUsIhI
Ugya9yHTYV-nOmrxuUd4AaABAg,2023-02-17T06:07:20Z,Great response regarding pollution. ಧನ್ಯವಾದಗಳು!,Health & Environment,Feedback,https://www.youtube.com/watch?v=MGYd05gb3XE
UgxBmAuTuUVsfKyGngN4AaABAg,2025-04-17T18:38:01Z,Positive changes seen in ಸೊಳ್ಳೆ. Thanks team.,Health & Environment,Feedback,https://www.youtube.com/watch?v=MGYd05gb3XE
UgyFrKPMp3msvJrcpbp4AaABAg,2022-07-30T16:41:28Z,Good improvement in pollution. Thank you!,Health & Environment,Feedback,https://www.youtube.com/watch?v=MGYd05gb3XE
Ugwbx7EJ8JRZ6AG2DY94AaABAg,2025-07-30T12:28:05Z,health problem is causing inconvenience. Request quick action.,Health & Environment,Complaint,https://www.youtube.com/watch?v=brcadWUsIhI
Ugzvoaz5zb6R7gOq3YJ4AaABAg,2025-08-22T02:53:45Z,Happy with the recent work on ಆರೋಗ್ಯ. Keep going.,Health & Environment,Feedback,https://www.youtube.com/watch?v=MGYd05gb3XE
UgxuPCKNy0Ek5ILp3vN4AaABAg,2025-06-15T18:47:05Z,pollution has not been working properly. Kindly repair it.,Health & Environment,Complaint,https://www.youtube.com/watch?v=brcadWUsIhI
UgxTuQvEjoksA5gkStV4AaABAg,2025-08-11T03:44:45Z,Hospital bills for coronavirus patients unaffordable residents angry about high cost,Health & Environment,Complaint,https://www.youtube.com/watch?v=brcadWUsIhI
UgzYcBZq3nL1hvL6rUp4AaABAg,2024-09-20T05:57:04Z,Government not enforcing fixed rates patients helpless about private hospital charges,Health & Environment,Complaint,https://www.youtube.com/watch?v=brcadWUsIhI
Ugxlu08cCt7AMmDqxKN4AaABAg,2024-10-23T04:23:43Z,health service handled very well. Appreciated.,Health & Environment,Feedback,https://www.youtube.com/watch?v=MGYd05gb3XE
UgwnKc4DtWSJ3rGQM4d4AaABAg,2025-09-27T08:23:13Z,Good improvement in pollution. Thank you!,Health & Environment,Feedback,https://www.youtube.com/watch?v=MGYd05gb3XE
UgwnKc4DtWSJ3rGQM4d4AaABAg,2025-09-27T08:23:13Z,Good improvement in ಮಾಲಿನ್ಯ. Thank you!,Health & Environment,Feedback,https://www.youtube.com/watch?v=MGYd05gb3XE
Ugxe_cqc1LCJB_yHPMV4AaABAg,2025-09-05T16:48:59Z,Coronavirus treatment cost exploitation families disgusted with hospital practices,Health & Environment,Complaint,https://www.youtube.com/watch?v=brcadWUsIhI
UgxVeC-JH8mT3j6WphF4AaABAg,2025-06-28T05:34:16Z,Positive changes seen in ಆರೋಗ್ಯ. Thanks team.,Health & Environment,Feedback,https://www.youtube.com/watch?v=MGYd05gb3XE
UgyFrKPMp3msvJrcpbp4AaABAg,2022-07-30T16:41:28Z,Good improvement in pollution. Thank you!,Health & Environment,Feedback,https://www.youtube.com/watch?v=MGYd05gb3XE
UgyBledwRrsjqS3l2PB4AaABAg,2024-07-12T02:05:07Z,ಆರೋಗ್ಯ service handled very well. Appreciated.,Health & Environment,Feedback,https://www.youtube.com/watch?v=MGYd05gb3XE
Ugw4yaZ6PkcZrAjLy4F4AaABAg,2025-10-11T03:58:25Z,Positive changes seen in pollution. Thanks team.,Health & Environment,Feedback,https://www.youtube.com/watch?v=MGYd05gb3XE
UgxTuQvEjoksA5gkStV4AaABAg,2025-08-11T03:44:45Z,People are facing trouble due to health.,Health & Environment,Complaint,https://www.youtube.com/watch?v=brcadWUsIhI
UgwEIWsHqIDEK6F-26p4AaABAg,2025-06-11T14:29:17Z,Happy with the recent work on mosquito. Keep going.,Health & Environment,Feedback,hhttps://www.youtube.com/watch?v=MGYd05gb3XE
Ugw51NhUtTmkxIpCUip4AaABAg,2025-07-27T07:51:14Z,Private hospital demanding hidden charges patients frustrated and worried,Health & Environment,Complaint,https://www.youtube.com/watch?v=brcadWUsIhI
UgzL-YWfJFjY8lqL6Ed4AaABAg,2025-07-22T07:02:03Z,Hospital bills for coronavirus treatment rising daily residents angry about lack of control,Health & Environment,Complaint,https://www.youtube.com/watch?v=brcadWUsIhI
Ugx8TTBFcp15Ze6xG2R4AaABAg,2023-05-28T13:40:59Z,Government not acting on hospital cost complaints families helpless and frustrated,Health & Environment,Complaint,https://www.youtube.com/watch?v=brcadWUsIhI
Ugya9yHTYV-nOmrxuUd4AaABAg,2023-02-17T06:07:20Z,Great response regarding pollution. ಧನ್ಯವಾದಗಳು!,Health & Environment,Feedback,https://www.youtube.com/watch?v=MGYd05gb3XE
UgwEIWsHqIDEK6F-26p4AaABAg,2025-06-11T14:29:17Z,Happy with the recent work on mosquito. Keep going.,Health & Environment,Feedback,https://www.youtube.com/watch?v=MGYd05gb3XE
UgyZvwsFhfTnKf41Xix4AaABAg,2025-03-17T21:01:35Z,Great response regarding ಆರೋಗ್ಯ. ಧನ್ಯವಾದಗಳು!,Health & Environment,Feedback,https://www.youtube.com/watch?v=MGYd05gb3XE
Ugxlu08cCt7AMmDqxKN4AaABAg,2024-10-23T04:23:43Z,health service handled very well. Appreciated.,Health & Environment,Feedback,https://www.youtube.com/watch?v=MGYd05gb3XE
UgwnKc4DtWSJ3rGQM4d4AaABAg,2025-09-27T08:23:13Z,Good improvement in ಮಾಲಿನ್ಯ. Thank you!,Health & Environment,Feedback,https://www.youtube.com/watch?v=MGYd05gb3XE
UgxVeC-JH8mT3j6WphF4AaABAg,2025-06-28T05:34:16Z,Positive changes seen in ಆರೋಗ್ಯ. Thanks team.,Health & Environment,Feedback,https://www.youtube.com/watch?v=MGYd05gb3XE
UgzLy89EPAr5eYPdgMV4AaABAg,2025-05-18T08:48:05Z,Coronavirus treatment cost unfair patients angry about private hospital greed,Health & Environment,Complaint,https://www.youtube.com/watch?v=brcadWUsIhI
Ugw4yaZ6PkcZrAjLy4F4AaABAg,2025-10-11T03:58:25Z,Positive changes seen in pollution. Thanks team.,Health & Environment,Feedback,https://www.youtube.com/watch?v=MGYd05gb3XE
UgxEof8SW0GAmNJT0MJ4AaABAg,2023-05-28T13:12:53Z,Private hospital charging excessive fees residents frustrated about medical expenses,Health & Environment,Complaint,https://www.youtube.com/watch?v=brcadWUsIhI
Ugw51NhUtTmkxIpCUip4AaABAg,2025-07-27T07:51:14Z,Coronavirus treatment cost in private hospital unbearable families struggling with huge medical bills,Health & Environment,Complaint,https://www.youtube.com/watch?v=brcadWUsIhI
UgxVeC-JH8mT3j6WphF4AaABAg,2025-06-28T05:34:16Z,Positive changes seen in ಆರೋಗ್ಯ. Thanks team.,Health & Environment,Feedback,https://www.youtube.com/watch?v=MGYd05gb3XE
UgzL-YWfJFjY8lqL6Ed4AaABAg,2025-07-22T07:02:03Z,Private hospital charging unfair rates for coronavirus patients households angry about exploitation,Health & Environment,Complaint,https://www.youtube.com/watch?v=brcadWUsIhI
UgyZvwsFhfTnKf41Xix4AaABAg,2025-03-17T21:01:35Z,Great response regarding ಆರೋಗ್ಯ. ಧನ್ಯವಾದಗಳು!,Health & Environment,Feedback,https://www.youtube.com/watch?v=MGYd05gb3XE
Ugw4yaZ6PkcZrAjLy4F4AaABAg,2025-10-11T03:58:25Z,Positive changes seen in pollution. Thanks team.,Health & Environment,Feedback,https://www.youtube.com/watch?v=MGYd05gb3XE
UgyFrKPMp3msvJrcpbp4AaABAg,2022-07-30T16:41:28Z,Good improvement in pollution. Thank you!,Health & Environment,Feedback,https://www.youtube.com/watch?v=MGYd05gb3XE
Ugzm4zfPFmbVeCNIsrZ4AaABAg,2025-08-01T04:51:57Z,Government not fixing coronavirus treatment charges residents helpless about rising expenses,Health & Environment,Complaint,https://www.youtube.com/watch?v=brcadWUsIhI
Ugxq3xcftTmJWedh0Xp4AaABAg,2023-06-01T18:35:57Z,Hospital demanding extra payment for coronavirus treatment families frustrated with hidden costs,Health & Environment,Complaint,https://www.youtube.com/watch?v=brcadWUsIhI
Ugwbx7EJ8JRZ6AG2DY94AaABAg,2025-07-30T12:28:05Z,Coronavirus treatment cost burden too heavy patients fearful of debt and loans,Health & Environment,Complaint,https://www.youtube.com/watch?v=brcadWUsIhI
UgxBmAuTuUVsfKyGngN4AaABAg,2025-04-17T18:38:01Z,Positive changes seen in ಸೊಳ್ಳೆ. Thanks team.,Health & Environment,Feedback,https://www.youtube.com/watch?v=MGYd05gb3XE
UgxuPCKNy0Ek5ILp3vN4AaABAg,2025-06-15T18:47:05Z,Government delay in regulating coronavirus treatment cost households frustrated and worried,Health & Environment,Complaint,https://www.youtube.com/watch?v=brcadWUsIhI
Ugw4yaZ6PkcZrAjLy4F4AaABAg,2025-10-11T03:58:25Z,Positive changes seen in pollution. Thanks team.,Health & Environment,Feedback,https://www.youtube.com/watch?v=MGYd05gb3XE
Ugwbx7EJ8JRZ6AG2DY94AaABAg,2025-07-30T12:28:05Z,Health problem is causing inconvenience. Request quick action.,Health & Environment,Complaint,https://www.youtube.com/watch?v=brcadWUsIhI
Ugw51NhUtTmkxIpCUip4AaABAg,2025-07-27T07:51:14Z,Hospital charging differently for same coronavirus treatment families angry about unfair practice,Health & Environment,Complaint,https://www.youtube.com/watch?v=brcadWUsIhI
Ugy5mGaIYAJguBVKIgx4AaABAg,2017-11-16T02:28:00Z,mosquito service handled very well. Appreciated.,Health & Environment,Feedback,https://www.youtube.com/watch?v=MGYd05gb3XE
Ugzvoaz5zb6R7gOq3YJ4AaABAg,2025-08-22T02:53:45Z,Happy with the recent work on ಆರೋಗ್ಯ. Keep going.,Health & Environment,Feedback,https://www.youtube.com/watch?v=MGYd05gb3XE
UgwEIWsHqIDEK6F-26p4AaABAg,2025-06-11T14:29:17Z,Happy with the recent work on mosquito. Keep going.,Health & Environment,Feedback,https://www.youtube.com/watch?v=MGYd05gb3XE
Ugw4yaZ6PkcZrAjLy4F4AaABAg,2025-10-11T03:58:25Z,Positive changes seen in pollution. Thanks team.,Health & Environment,Feedback,https://www.youtube.com/watch?v=MGYd05gb3XE
UgxuPCKNy0Ek5ILp3vN4AaABAg,2025-06-15T18:47:05Z,Coronavirus treatment cost exploitation residents disgusted with private hospital greed,Health & Environment,Complaint,https://www.youtube.com/watch?v=brcadWUsIhI
Ugzm4zfPFmbVeCNIsrZ4AaABAg,2025-08-01T04:51:57Z,Private hospital demanding advance fees for coronavirus patients households helpless and frustrated,Health & Environment,Complaint,https://www.youtube.com/watch?v=brcadWUsIhI
UgzL-YWfJFjY8lqL6Ed4AaABAg,2025-07-22T07:02:03Z,Government not monitoring hospital bills patients angry about lack of control,Health & Environment,Complaint,https://www.youtube.com/watch?v=brcadWUsIhI
UgxTuQvEjoksA5gkStV4AaABAg,2025-08-11T03:44:45Z,Hospital bills for coronavirus treatment rising daily families worried about affordability,Health & Environment,Complaint,https://www.youtube.com/watch?v=brcadWUsIhI
UgwnKc4DtWSJ3rGQM4d4AaABAg,2025-09-27T08:23:13Z,Good improvement in ಮಾಲಿನ್ಯ. Thank you!,Health & Environment,Feedback,https://www.youtube.com/watch?v=MGYd05gb3XE
Ugxaf8e_ZcwP-H2bQ8V4AaABAg,2024-01-10T11:34:03Z,The condition of drainage needs urgent attention.,Health & Environment,Complaint,https://www.youtube.com/watch?v=brcadWUsIhI
UgyFrKPMp3msvJrcpbp4AaABAg,2022-07-30T16:41:28Z,Good improvement in pollution. Thank you!,Health & Environment,Feedback,https://www.youtube.com/watch?v=MGYd05gb3XE
UgyZvwsFhfTnKf41Xix4AaABAg,2025-03-17T21:01:35Z,Great response regarding ಆರೋಗ್ಯ. ಧನ್ಯವಾದಗಳು!,Health & Environment,Feedback,https://www.youtube.com/watch?v=MGYd05gb3XE
UgzYcBZq3nL1hvL6rUp4AaABAg,2024-09-20T05:57:04Z,Coronavirus treatment cost unaffordable residents frustrated with private hospitals,Health & Environment,Complaint,https://www.youtube.com/watch?v=brcadWUsIhI
UgwEIWsHqIDEK6F-26p4AaABAg,2025-06-11T14:29:17Z,Happy with the recent work on mosquito. Keep going.,Health & Environment,Feedback,https://example.com
Ugwbx7EJ8JRZ6AG2DY94AaABAg,2025-07-30T12:28:05Z,Private hospital charging excessive fees households angry about exploitation,Health & Environment,Complaint,https://www.youtube.com/watch?v=brcadWUsIhI
Ugwbx7EJ8JRZ6AG2DY94AaABAg,2025-07-30T12:28:05Z,Government not enforcing fixed rates for coronavirus treatment patients helpless and fearful,Health & Environment,Complaint,https://www.youtube.com/watch?v=brcadWUsIhI
Ugya9yHTYV-nOmrxuUd4AaABAg,2023-02-17T06:07:20Z,Great response regarding pollution. ಧನ್ಯವಾದಗಳು!,Health & Environment,Feedback,https://www.youtube.com/watch?v=MGYd05gb3XE
UgxTuQvEjoksA5gkStV4AaABAg,2025-08-11T03:44:45Z,Hospital demanding hidden charges families frustrated about unfair billing,Health & Environment,Complaint,https://www.youtube.com/watch?v=brcadWUsIhI
UgzYcBZq3nL1hvL6rUp4AaABAg,2024-09-20T05:57:04Z,Coronavirus treatment cost increasing residents angry about poor regulation,Health & Environment,Complaint,https://www.youtube.com/watch?v=brcadWUsIhI
UgxuPCKNy0Ek5ILp3vN4AaABAg,2025-06-15T18:47:05Z,Private hospital bills too high households worried about medical expenses,Health & Environment,Complaint,https://www.youtube.com/watch?v=brcadWUsIhI
Ugwbx7EJ8JRZ6AG2DY94AaABAg,2025-07-30T12:28:05Z,ಆರೋಗ್ಯ problem is causing inconvenience. Request quick action.,Health & Environment,Complaint,https://www.youtube.com/watch?v=brcadWUsIhI
Ugw4yaZ6PkcZrAjLy4F4AaABAg,2025-10-11T03:58:25Z,Positive changes seen in pollution. Thanks team.,Health & Environment,Feedback,https://www.youtube.com/watch?v=MGYd05gb3XE
UgyBledwRrsjqS3l2PB4AaABAg,2024-07-12T02:05:07Z,ಆರೋಗ್ಯ service handled very well. Appreciated.,Health & Environment,Feedback,https://www.youtube.com/watch?v=MGYd05gb3XE
UgxTuQvEjoksA5gkStV4AaABAg,2025-08-11T03:44:45Z,Government not acting on hospital cost complaints patients frustrated and helpless,Health & Environment,Complaint,https://www.youtube.com/watch?v=brcadWUsIhI
UgzL-YWfJFjY8lqL6Ed4AaABAg,2025-07-22T07:02:03Z,Government not acting on hospital cost complaints patients frustrated and helpless,Health & Environment,Complaint,https://www.youtube.com/watch?v=brcadWUsIhI
Ugzvoaz5zb6R7gOq3YJ4AaABAg,2025-08-22T02:53:45Z,Happy with the recent work on ಆರೋಗ್ಯ. Keep going.,Health & Environment,Feedback,https://www.youtube.com/watch?v=MGYd05gb3XE
Ugxaf8e_ZcwP-H2bQ8V4AaABAg,2024-01-10T11:34:03Z,Hospital charging unreasonable fees for coronavirus treatment families angry about exploitation,Health & Environment,Complaint,https://www.youtube.com/watch?v=brcadWUsIhI
UgxBmAuTuUVsfKyGngN4AaABAg,2025-04-17T18:38:01Z,Positive changes seen in ಸೊಳ್ಳೆ. Thanks team.,Health & Environment,Feedback,https://www.youtube.com/watch?v=MGYd05gb3XE
Ugxe_cqc1LCJB_yHPMV4AaABAg,2025-09-05T16:48:59Z,- Hospital charging unreasonable fees for coronavirus treatment families angry about exploitation,Health & Environment,Complaint,https://www.youtube.com/watch?v=brcadWUsIhI
UgyZvwsFhfTnKf41Xix4AaABAg,2025-03-17T21:01:35Z,Great response regarding ಆರೋಗ್ಯ. ಧನ್ಯವಾದಗಳು!,Health & Environment,Feedback,https://www.youtube.com/watch?v=MGYd05gb3XE
Ugwbx7EJ8JRZ6AG2DY94AaABAg,2025-07-30T12:28:05Z,ಆರೋಗ್ಯ problem is causing inconvenience. Request quick action.,Health & Environment,Complaint,https://www.youtube.com/watch?v=brcadWUsIhI
UgzYcBZq3nL1hvL6rUp4AaABAg,2024-09-20T05:57:04Z,The condition of ಮಾಲಿನ್ಯ needs urgent attention.,Health & Environment,Complaint,https://www.youtube.com/watch?v=MGYd05gb3XE
Ugx8TTBFcp15Ze6xG2R4AaABAg,2023-05-28T13:40:59Z,mosquito has not been working properly. Kindly repair it.,Health & Environment,Complaint,https://www.youtube.com/watch?v=brcadWUsIhI
UgwEIWsHqIDEK6F-26p4AaABAg,2025-06-11T14:29:17Z,Happy with the recent work on mosquito. Keep going.,Health & Environment,Feedback,https://www.youtube.com/watch?v=MGYd05gb3XE
UgxVeC-JH8mT3j6WphF4AaABAg,2025-06-28T05:34:16Z,Positive changes seen in ಆರೋಗ್ಯ. Thanks team.,Health & Environment,Feedback,https://www.youtube.com/watch?v=MGYd05gb3XE
UgxuPCKNy0Ek5ILp3vN4AaABAg,2025-06-15T18:47:05Z,pollution has not been working properly. Kindly repair it.,Health & Environment,Complaint,https://www.youtube.com/watch?v=brcadWUsIhI
UgwBLT6iCrXke8DVuL94AaABAg,2024-07-08T12:18:48Z,There is an issue with drainage. Please fix it soon.,Health & Environment,Complaint,https://www.youtube.com/watch?v=8bj42kuS0AQ
Ugwbx7EJ8JRZ6AG2DY94AaABAg,2025-07-30T12:28:05Z,Is it true the medical staff who were in duty while the first Corona victim was admitted are still not quarantined? If so do that first.,Health & Environment,Complaint,https://www.youtube.com/watch?v=8bj42kuS0AQ
Ugw8CF1yDJAWCrRjpdd4AaABAg,2025-05-28T06:10:36Z,Good improvement in ಆರೋಗ್ಯ. Thank you!,Health & Environment,Feedback,https://www.youtube.com/watch?v=MGYd05gb3XE
Ugxq3xcftTmJWedh0Xp4AaABAg,2023-06-01T18:35:57Z,pollution problem is causing inconvenience. Request quick action.,Health & Environment,Complaint,https://www.youtube.com/watch?v=8bj42kuS0AQ
UgxBmAuTuUVsfKyGngN4AaABAg,2025-04-17T18:38:01Z,Positive changes seen in ಸೊಳ್ಳೆ. Thanks team.,Health & Environment,Feedback,https://www.youtube.com/watch?v=MGYd05gb3XE
Ugya9yHTYV-nOmrxuUd4AaABAg,2023-02-17T06:07:20Z,Great response regarding pollution. ಧನ್ಯವಾದಗಳು!,Health & Environment,Feedback,https://www.youtube.com/watch?v=MGYd05gb3XE
UgyBledwRrsjqS3l2PB4AaABAg,2024-07-12T02:05:07Z,ಆರೋಗ್ಯ service handled very well. Appreciated.,Health & Environment,Feedback,https://www.youtube.com/watch?v=MGYd05gb3XE
Ugw8CF1yDJAWCrRjpdd4AaABAg,2025-05-28T06:10:36Z,Good improvement in ಆರೋಗ್ಯ. Thank you!,Health & Environment,Feedback,https://www.youtube.com/watch?v=MGYd05gb3XE
Ugya9yHTYV-nOmrxuUd4AaABAg,2023-02-17T06:07:20Z,Great response regarding pollution. ಧನ್ಯವಾದಗಳು!,Health & Environment,Feedback,https://www.youtube.com/watch?v=MGYd05gb3XE
Ugxe_cqc1LCJB_yHPMV4AaABAg,2025-09-05T16:48:59Z,The condition of health needs urgent attention.,Health & Environment,Complaint,https://www.youtube.com/watch?v=8bj42kuS0AQ
Ugxlu08cCt7AMmDqxKN4AaABAg,2024-10-23T04:23:43Z,health service handled very well. Appreciated.,Health & Environment,Feedback,https://www.youtube.com/watch?v=MGYd05gb3XE
Ugx8TTBFcp15Ze6xG2R4AaABAg,2023-05-28T13:40:59Z,mosquito has not been working properly. Kindly repair it.,Health & Environment,Complaint,https://www.youtube.com/watch?v=8bj42kuS0AQ
UgyZvwsFhfTnKf41Xix4AaABAg,2025-03-17T21:01:35Z,Great response regarding health. ಧನ್ಯವಾದಗಳು!,Health & Environment,Feedback,https://www.youtube.com/watch?v=MGYd05gb3XE
UgzL-YWfJFjY8lqL6Ed4AaABAg,2025-07-22T07:02:03Z,The condition of ಸೊಳ್ಳೆ needs urgent attention.,Health & Environment,Complaint,https://www.youtube.com/watch?v=8bj42kuS0AQ
UgyFrKPMp3msvJrcpbp4AaABAg,2022-07-30T16:41:28Z,Good improvement in pollution. Thank you!,Health & Environment,Feedback,https://www.youtube.com/watch?v=MGYd05gb3XE
Ugxaf8e_ZcwP-H2bQ8V4AaABAg,2024-01-10T11:34:03Z,The condition of drainage needs urgent attention.,Health & Environment,Complaint,https://www.youtube.com/watch?v=8bj42kuS0AQ
UgwnKc4DtWSJ3rGQM4d4AaABAg,2025-09-27T08:23:13Z,Good improvement in pollution. Thank you!,Health & Environment,Feedback,https://www.youtube.com/watch?v=MGYd05gb3XE
Ugy5mGaIYAJguBVKIgx4AaABAg,2017-11-16T02:28:00Z,mosquito service handled very well. Appreciated.,Health & Environment,Feedback,https://www.youtube.com/watch?v=MGYd05gb3XE
Ugxe_cqc1LCJB_yHPMV4AaABAg,2025-09-05T16:48:59Z,Air pollution uncontrolled families worried about long‑term health risks,Health & Environment,Complaint,https://www.youtube.com/watch?v=8bj42kuS0AQ
Ugxe_cqc1LCJB_yHPMV4AaABAg,2025-09-05T16:48:59Z,Noise levels disturbing community health residents angry about poor regulation,Health & Environment,Complaint,https://www.youtube.com/watch?v=8bj42kuS0AQ
UgzLy89EPAr5eYPdgMV4AaABAg,2025-05-18T08:48:05Z,Dust clouds from roadwork children coughing continuously households frustrated,Health & Environment,Complaint,https://www.youtube.com/watch?v=8bj42kuS0AQ
Ugzm4zfPFmbVeCNIsrZ4AaABAg,2025-08-01T04:51:57Z,Garbage burning at night smoke choking families angry about negligence,Health & Environment,Complaint,https://www.youtube.com/watch?v=8bj42kuS0AQ
Ugxaf8e_ZcwP-H2bQ8V4AaABAg,2024-01-10T11:34:03Z,Vehicle pollution increasing residents worried about asthma and respiratory issues,Health & Environment,Complaint,https://www.youtube.com/watch?v=8bj42kuS0AQ
Ugw51NhUtTmkxIpCUip4AaABAg,2025-07-27T07:51:14Z,Industrial pollution spreading foul smell households frustrated with unhealthy surroundings,Health & Environment,Complaint,https://www.youtube.com/watch?v=8bj42kuS0AQ
Ugzm4zfPFmbVeCNIsrZ4AaABAg,2025-08-01T04:51:57Z,The condition of health needs urgent attention.,Health & Environment,Complaint,https://www.youtube.com/watch?v=8bj42kuS0AQ
UgzYcBZq3nL1hvL6rUp4AaABAg,2024-09-20T05:57:04Z,The condition of pollution needs urgent attention.,Health & Environment,Complaint,https://www.youtube.com/watch?v=8bj42kuS0AQ
Ugya9yHTYV-nOmrxuUd4AaABAg,2023-02-17T06:07:20Z,Great response regarding pollution. ಧನ್ಯವಾದಗಳು!,Health & Environment,Feedback,https://www.youtube.com/watch?v=MGYd05gb3XE
Ugw8CF1yDJAWCrRjpdd4AaABAg,2025-05-28T06:10:36Z,Good improvement in ಆರೋಗ್ಯ. Thank you!,Health & Environment,Feedback,https://www.youtube.com/watch?v=MGYd05gb3XE
UgxTuQvEjoksA5gkStV4AaABAg,2025-08-11T03:44:45Z,People are facing trouble due to health.,Health & Environment,Complaint,https://www.youtube.com/watch?v=8bj42kuS0AQ
Ugxaf8e_ZcwP-H2bQ8V4AaABAg,2024-01-10T11:34:03Z,The condition of drainage needs urgent attention.,Health & Environment,Complaint,https://www.youtube.com/watch?v=8bj42kuS0AQ
UgyFrKPMp3msvJrcpbp4AaABAg,2022-07-30T16:41:28Z,Good improvement in pollution. Thank you!,Health & Environment,Feedback,https://www.youtube.com/watch?v=MGYd05gb3XE
Ugya9yHTYV-nOmrxuUd4AaABAg,2023-02-17T06:07:20Z,Great response regarding pollution. ಧನ್ಯವಾದಗಳು!,Health & Environment,Feedback,https://www.youtube.com/watch?v=MGYd05gb3XE
Ugxe_cqc1LCJB_yHPMV4AaABAg,2025-09-05T16:48:59Z,Noise pollution from loudspeakers unbearable residents angry about sleepless nights,Health & Environment,Complaint,https://www.youtube.com/watch?v=8bj42kuS0AQ
Ugw4yaZ6PkcZrAjLy4F4AaABAg,2025-10-11T03:58:25Z,Positive changes seen in pollution. Thanks team.,Health & Environment,Feedback,https://www.youtube.com/watch?v=MGYd05gb3XE
Ugy5mGaIYAJguBVKIgx4AaABAg,2017-11-16T02:28:00Z,mosquito service handled very well. Appreciated.,Health & Environment,Feedback,https://www.youtube.com/watch?v=MGYd05gb3XE
UgxuPCKNy0Ek5ILp3vN4AaABAg,2025-06-15T18:47:05Z,Dust levels rising from construction families worried about children’s health,Health & Environment,Complaint,https://www.youtube.com/watch?v=8bj42kuS0AQ
Ugzm4zfPFmbVeCNIsrZ4AaABAg,2025-08-01T04:51:57Z,Air pollution worsening residents frustrated with breathing problems and allergies,Health & Environment,Complaint,https://www.youtube.com/watch?v=8bj42kuS0AQ
Ugy5mGaIYAJguBVKIgx4AaABAg,2017-11-16T02:28:00Z,mosquito service handled very well. Appreciated.,Health & Environment,Feedback,https://www.youtube.com/watch?v=MGYd05gb3XE
UgxTuQvEjoksA5gkStV4AaABAg,2025-08-11T03:44:45Z,People are facing trouble due to health.,Health & Environment,Complaint,https://www.youtube.com/watch?v=8bj42kuS0AQ
Ugxe_cqc1LCJB_yHPMV4AaABAg,2025-09-05T16:48:59Z,The condition of health needs urgent attention.,Health & Environment,Complaint,https://www.youtube.com/watch?v=KWF7Ji7Up2A
Ugy5mGaIYAJguBVKIgx4AaABAg,2017-11-16T02:28:00Z,mosquito service handled very well. Appreciated.,Health & Environment,Feedback,https://www.youtube.com/watch?v=MGYd05gb3XE
UgzLy89EPAr5eYPdgMV4AaABAg,2025-05-18T08:48:05Z,Air pollution uncontrolled families worried about long‑term health risks,Health & Environment,Complaint,https://www.youtube.com/watch?v=8bj42kuS0AQ
UgwnKc4DtWSJ3rGQM4d4AaABAg,2025-09-27T08:23:13Z,Good improvement in ಮಾಲಿನ್ಯ. Thank you!,Health & Environment,Feedback,https://www.youtube.com/watch?v=RTOud59wekY
UgwnKc4DtWSJ3rGQM4d4AaABAg,2025-09-27T08:23:13Z,Good improvement in ಮಾಲಿನ್ಯ. Thank you!,Health & Environment,Feedback,https://www.youtube.com/watch?v=RTOud59wekY
Ugw4yaZ6PkcZrAjLy4F4AaABAg,2025-10-11T03:58:25Z,Positive changes seen in pollution. Thanks team.,Health & Environment,Feedback,https://www.youtube.com/watch?v=RTOud59wekY
Ugxlu08cCt7AMmDqxKN4AaABAg,2024-10-23T04:23:43Z,health service handled very well. Appreciated.,Health & Environment,Feedback,https://www.youtube.com/watch?v=RTOud59wekY
UgxVeC-JH8mT3j6WphF4AaABAg,2025-06-28T05:34:16Z,Positive changes seen in ಆರೋಗ್ಯ. Thanks team.,Health & Environment,Feedback,https://www.youtube.com/watch?v=RTOud59wekY
Ugw4yaZ6PkcZrAjLy4F4AaABAg,2025-10-11T03:58:25Z,Positive changes seen in pollution. Thanks team.,Health & Environment,Feedback,https://www.youtube.com/watch?v=RTOud59wekY
UgxTuQvEjoksA5gkStV4AaABAg,2025-08-11T03:44:45Z,Noise levels disturbing community health residents angry about poor regulation,Health & Environment,Complaint,https://www.youtube.com/watch?v=8bj42kuS0AQ
Ugzm4zfPFmbVeCNIsrZ4AaABAg,2025-08-01T04:51:57Z,The condition of ಆರೋಗ್ಯ needs urgent attention.,Health & Environment,Complaint,https://www.youtube.com/watch?v=8bj42kuS0AQ
UgzL-YWfJFjY8lqL6Ed4AaABAg,2025-07-22T07:02:03Z,Dust clouds from roadwork children coughing continuously households frustrated,Health & Environment,Complaint,https://www.youtube.com/watch?v=8bj42kuS0AQ
UgwBLT6iCrXke8DVuL94AaABAg,2024-07-08T12:18:48Z,There is an issue with drainage. Please fix it soon.,Health & Environment,Complaint,https://www.youtube.com/watch?v=8bj42kuS0AQ
UgwnKc4DtWSJ3rGQM4d4AaABAg,2025-09-27T08:23:13Z,Good improvement in ಮಾಲಿನ್ಯ. Thank you!,Health & Environment,Feedback,https://www.youtube.com/watch?v=RTOud59wekY
Ugw4yaZ6PkcZrAjLy4F4AaABAg,2025-10-11T03:58:25Z,Positive changes seen in pollution. Thanks team.,Health & Environment,Feedback,https://www.youtube.com/watch?v=RTOud59wekY
UgyBledwRrsjqS3l2PB4AaABAg,2024-07-12T02:05:07Z,ಆರೋಗ್ಯ service handled very well. Appreciated.,Health & Environment,Feedback,https://www.youtube.com/watch?v=RTOud59wekY
UgyFrKPMp3msvJrcpbp4AaABAg,2022-07-30T16:41:28Z,Good improvement in pollution. Thank you!,Health & Environment,Feedback,https://www.youtube.com/watch?v=RTOud59wekY
Ugw8CF1yDJAWCrRjpdd4AaABAg,2025-05-28T06:10:36Z,Good improvement in ಆರೋಗ್ಯ. Thank you!,Health & Environment,Feedback,https://www.youtube.com/watch?v=RTOud59wekY
UgzYcBZq3nL1hvL6rUp4AaABAg,2024-09-20T05:57:04Z,The condition of pollution needs urgent attention.,Health & Environment,Complaint,https://www.youtube.com/watch?v=8bj42kuS0AQ
UgyFrKPMp3msvJrcpbp4AaABAg,2022-07-30T16:41:28Z,Good improvement in pollution. Thank you!,Health & Environment,Feedback,https://www.youtube.com/watch?v=RTOud59wekY
Ugzm4zfPFmbVeCNIsrZ4AaABAg,2025-08-01T04:51:57Z,The condition of health,Health & Environment,Complaint,https://www.youtube.com/watch?v=8bj42kuS0AQ
UgyBledwRrsjqS3l2PB4AaABAg,2024-07-12T02:05:07Z,ಆರೋಗ್ಯ service handled very well. Appreciated.,Health & Environment,Feedback,https://www.youtube.com/watch?v=RTOud59wekY
UgzYcBZq3nL1hvL6rUp4AaABAg,2024-09-20T05:57:04Z,Dust clouds from roadwork children coughing continuously households frustrated,Health & Environment,Complaint,https://www.youtube.com/watch?v=8bj42kuS0AQ
Ugya9yHTYV-nOmrxuUd4AaABAg,2023-02-17T06:07:20Z,Great response regarding pollution. ಧನ್ಯವಾದಗಳು!,Health & Environment,Feedback,https://www.youtube.com/watch?v=RTOud59wekY
Ugy5mGaIYAJguBVKIgx4AaABAg,2017-11-16T02:28:00Z,mosquito service handled very well. Appreciated.,Health & Environment,Feedback,https://www.youtube.com/watch?v=RTOud59wekY
UgxEof8SW0GAmNJT0MJ4AaABAg,2023-05-28T13:12:53Z,Vehicle pollution increasing residents worried about asthma and respiratory issues,Health & Environment,Complaint,https://example.com
UgxBmAuTuUVsfKyGngN4AaABAg,2025-04-17T18:38:01Z,Positive changes seen in ಸೊಳ್ಳೆ. Thanks team.,Health & Environment,Feedback,https://www.youtube.com/watch?v=RTOud59wekY
UgyFrKPMp3msvJrcpbp4AaABAg,2022-07-30T16:41:28Z,Good improvement in pollution. Thank you!,Health & Environment,Feedback,https://www.youtube.com/watch?v=RTOud59wekY
UgzYcBZq3nL1hvL6rUp4AaABAg,2024-09-20T05:57:04Z,Industrial pollution spreading foul smell households frustrated with unhealthy surroundings,Health & Environment,Complaint,https://www.youtube.com/watch?v=8bj42kuS0AQ
Ugya9yHTYV-nOmrxuUd4AaABAg,2023-02-17T06:07:20Z,Great response regarding pollution. ಧನ್ಯವಾದಗಳು!,Health & Environment,Feedback,https://www.youtube.com/watch?v=RTOud59wekY
UgxEof8SW0GAmNJT0MJ4AaABAg,2023-05-28T13:12:53Z,Noise pollution from loudspeakers unbearable residents angry about sleepless nights,Health & Environment,Complaint,https://www.youtube.com/watch?v=8bj42kuS0AQ
UgzLy89EPAr5eYPdgMV4AaABAg,2025-05-18T08:48:05Z,Dust levels rising from construction families worried about children’s health,Health & Environment,Complaint,https://example.com
UgzL-YWfJFjY8lqL6Ed4AaABAg,2025-07-22T07:02:03Z,Air pollution worsening residents frustrated with breathing problems and allergies,Health & Environment,Complaint,https://www.youtube.com/watch?v=8bj42kuS0AQ
Ugxlu08cCt7AMmDqxKN4AaABAg,2024-10-23T04:23:43Z,health service handled very well. Appreciated.,Health & Environment,Feedback,https://www.youtube.com/watch?v=RTOud59wekY
UgxTuQvEjoksA5gkStV4AaABAg,2025-08-11T03:44:45Z,Fogging not done mosquito menace increasing residents helpless and worried,Health & Environment,Complaint,https://www.youtube.com/watch?v=7YIjD00TlEI
Ugzm4zfPFmbVeCNIsrZ4AaABAg,2025-08-01T04:51:57Z,Mosquito menace disturbing community health residents angry about lack of preventive measures,Health & Environment,Complaint,https://www.youtube.com/watch?v=7YIjD00TlEI
UgwEIWsHqIDEK6F-26p4AaABAg,2025-06-11T14:29:17Z,Happy with the recent work on mosquito. Keep going.,Health & Environment,Feedback,https://www.youtube.com/watch?v=RTOud59wekY
UgxTuQvEjoksA5gkStV4AaABAg,2025-08-11T03:44:45Z,People are facing trouble due to health. Please,Health & Environment,Complaint,https://www.youtube.com/watch?v=7YIjD00TlEI
Ugw51NhUtTmkxIpCUip4AaABAg,2025-07-27T07:51:14Z,Mosquito bites rising households frustrated with unsafe surroundings,Health & Environment,Complaint,https://www.youtube.com/watch?v=7YIjD00TlEI
Ugwbx7EJ8JRZ6AG2DY94AaABAg,2025-07-30T12:28:05Z,health problem is causing inconvenience. Request quick action.,Health & Environment,Complaint,https://www.youtube.com/watch?v=7YIjD00TlEI
UgwEIWsHqIDEK6F-26p4AaABAg,2025-06-11T14:29:17Z,Happy with the recent work on mosquito. Keep going.,Health & Environment,Feedback,https://www.youtube.com/watch?v=RTOud59wekY
UgwEIWsHqIDEK6F-26p4AaABAg,2025-06-11T14:29:17Z,Thanks for promoting community health safety,Health & Environment,Feedback,https://www.youtube.com/watch?v=RTOud59wekY
Ugw51NhUtTmkxIpCUip4AaABAg,2025-07-27T07:51:14Z,The condition of health needs urgent attention.,Health & Environment,Complaint,https://www.youtube.com/watch?v=7YIjD00TlEI
UgyBledwRrsjqS3l2PB4AaABAg,2024-07-12T02:05:07Z,Useful mosquito awareness content thanks,Health & Environment,Feedback,https://www.youtube.com/watch?v=RTOud59wekY
UgzYcBZq3nL1hvL6rUp4AaABAg,2024-09-20T05:57:04Z,The condition of pollution needs urgent attention.,Health & Environment,Complaint,https://www.youtube.com/watch?v=7YIjD00TlEI
UgzL-YWfJFjY8lqL6Ed4AaABAg,2025-07-22T07:02:03Z,The condition of health is very critical,Health & Environment,Complaint,https://www.youtube.com/watch?v=7YIjD00TlEI
UgzYcBZq3nL1hvL6rUp4AaABAg,2024-09-20T05:57:04Z,The condition of ಮಾಲಿನ್ಯ needs urgent attention.Mosquito breeding in sewage residents fearful of malaria outbreak,Health & Environment,Complaint,https://www.youtube.com/watch?v=7YIjD00TlEI
Ugw51NhUtTmkxIpCUip4AaABAg,2025-07-27T07:51:14Z,The condition of health needs urgent attention.,Health & Environment,Complaint,https://www.youtube.com/watch?v=7YIjD00TlEI
Ugwbx7EJ8JRZ6AG2DY94AaABAg,2025-07-30T12:28:05Z,ಆರೋಗ್ಯ problem is causing inconvenience. Request quick action.,Health & Environment,Complaint,https://www.youtube.com/watch?v=7YIjD00TlEI
Ugzm4zfPFmbVeCNIsrZ4AaABAg,2025-08-01T04:51:57Z,The condition of ಆರೋಗ್ಯ needs urgent attention.,Health & Environment,Complaint,https://www.youtube.com/watch?v=7YIjD00TlEI
UgyBledwRrsjqS3l2PB4AaABAg,2024-07-12T02:05:07Z,Thanks for sharing preventive health measures,Health & Environment,Feedback,https://www.youtube.com/watch?v=RTOud59wekY
UgyFrKPMp3msvJrcpbp4AaABAg,2022-07-30T16:41:28Z,Appreciate this health awareness video thanks,Health & Environment,Feedback,https://www.youtube.com/watch?v=RTOud59wekY
UgxBmAuTuUVsfKyGngN4AaABAg,2025-04-17T18:38:01Z,Thanks for focusing on environmental safety,Health & Environment,Feedback,https://www.youtube.com/watch?v=RTOud59wekY
UgwEIWsHqIDEK6F-26p4AaABAg,2025-06-11T14:29:17Z,Happy with the recent work on mosquito. Keep going.,Health & Environment,Feedback,https://www.youtube.com/watch?v=Ocf1lrzVBKY
Ugw4yaZ6PkcZrAjLy4F4AaABAg,2025-10-11T03:58:25Z,Good vector control example thanks,Health & Environment,Feedback,https://www.youtube.com/watch?v=Ocf1lrzVBKY
UgxBmAuTuUVsfKyGngN4AaABAg,2025-04-17T18:38:01Z,Thanks for teaching safe spraying techniques,Health & Environment,Feedback,https://www.youtube.com/watch?v=Ocf1lrzVBKY
UgxBmAuTuUVsfKyGngN4AaABAg,2025-04-17T18:38:01Z,Helpful public health campaign idea thanks,Health & Environment,Feedback,https://www.youtube.com/watch?v=Ocf1lrzVBKY
UgxBmAuTuUVsfKyGngN4AaABAg,2025-04-17T18:38:01Z,Thanks for sharing mosquito breeding prevention,Health & Environment,Feedback,https://www.youtube.com/watch?v=Ocf1lrzVBKY
UgwEIWsHqIDEK6F-26p4AaABAg,2025-06-11T14:29:17Z,Thanks for showing eco friendly mosquito control,Health & Environment,Feedback,https://www.youtube.com/watch?v=Ocf1lrzVBKY
UgzLy89EPAr5eYPdgMV4AaABAg,2025-05-18T08:48:05Z,There is an issue with ಮಾಲಿನ್ಯ. Please fix it soon.,Health & Environment,Complaint,https://www.youtube.com/watch?v=7YIjD00TlEI
UgxVeC-JH8mT3j6WphF4AaABAg,2025-06-28T05:34:16Z,Thanks for spreading health awareness,Health & Environment,Feedback,https://www.youtube.com/watch?v=Ocf1lrzVBKY
UgxuPCKNy0Ek5ILp3vN4AaABAg,2025-06-15T18:47:05Z,pollution has not been working properly. Kindly repair it.,Health & Environment,Complaint,https://www.youtube.com/watch?v=7YIjD00TlEI
UgxBmAuTuUVsfKyGngN4AaABAg,2025-04-17T18:38:01Z,Great community health message thanks,Health & Environment,Feedback,https://www.youtube.com/watch?v=Ocf1lrzVBKY
Ugxlu08cCt7AMmDqxKN4AaABAg,2024-10-23T04:23:43Z,Thanks for highlighting dengue control steps,Health & Environment,Feedback,https://www.youtube.com/watch?v=Ocf1lrzVBKY
Ugxaf8e_ZcwP-H2bQ8V4AaABAg,2024-01-10T11:34:03Z,The condition of drainage needs urgent attention.,Health & Environment,Complaint,https://www.youtube.com/watch?v=7YIjD00TlEI
Ugxlu08cCt7AMmDqxKN4AaABAg,2024-10-23T04:23:43Z,health service handled very well. Appreciated.,Health & Environment,Feedback,https://www.youtube.com/watch?v=Ocf1lrzVBKY
UgxBmAuTuUVsfKyGngN4AaABAg,2025-04-17T18:38:01Z,Good mosquito prevention method thanks,Health & Environment,Feedback,https://www.youtube.com/watch?v=Ocf1lrzVBKY
Ugzm4zfPFmbVeCNIsrZ4AaABAg,2025-08-01T04:51:57Z,The condition of ಆರೋಗ್ಯ needs urgent attention.,Health & Environment,Complaint,https://www.youtube.com/watch?v=7YIjD00TlEI
UgxTuQvEjoksA5gkStV4AaABAg,2025-08-11T03:44:45Z,People are facing trouble due to health. ಇದು ತಕ್ಷಣ ಸರಿಪಡಿಸಿ.,Health & Environment,Complaint,https://example.com
UgyFrKPMp3msvJrcpbp4AaABAg,2022-07-30T16:41:28Z,Helpful vector borne disease prevention thanks,Health & Environment,Feedback,https://www.youtube.com/watch?v=Ocf1lrzVBKY
Ugya9yHTYV-nOmrxuUd4AaABAg,2023-02-17T06:07:20Z,Nice pest management tips thanks,Health & Environment,Feedback,https://www.youtube.com/watch?v=Ocf1lrzVBKY
UgzL-YWfJFjY8lqL6Ed4AaABAg,2025-07-22T07:02:03Z,The condition of ಸೊಳ್ಳೆ needs urgent attention.,Health & Environment,Complaint,https://www.youtube.com/watch?v=7YIjD00TlEI
Ugzvoaz5zb6R7gOq3YJ4AaABAg,2025-08-22T02:53:45Z,Useful public health awareness thanks,Health & Environment,Feedback,https://www.youtube.com/watch?v=Ocf1lrzVBKY
Ugxq3xcftTmJWedh0Xp4AaABAg,2023-06-01T18:35:57Z,pollution problem is causing inconvenience. Request quick action.,Health & Environment,Complaint,https://www.youtube.com/watch?v=7YIjD00TlEI
UgwnKc4DtWSJ3rGQM4d4AaABAg,2025-09-27T08:23:13Z,Great mosquito control demo thanks,Health & Environment,Feedback,https://www.youtube.com/watch?v=Ocf1lrzVBKY